timeStamp;elapsed;label;responseCode;responseMessage;threadName;dataType;success;failureMessage;bytes;sentBytes;grpThreads;allThreads;URL;Filename;Latency;Encoding;SampleCount;ErrorCount;Hostname;IdleTime;Connect
1,67361E+12;504;HTTP Request1_large;200;OK;Thread Group 3-1;bin;true;;10486054;133;13;13;http://192.168.56.4/large/test_1.jpg;;6;ISO-8859-1;1;0;GiuseppeW11;0;1
1,67361E+12;404;HTTP Request1_large;200;OK;Thread Group 3-5;bin;true;;10486054;133;15;15;http://192.168.56.4/large/test_1.jpg;;11;ISO-8859-1;1;0;GiuseppeW11;0;2
1,67361E+12;594;HTTP Request1_large;200;OK;Thread Group 3-2;bin;true;;10486054;133;16;16;http://192.168.56.4/large/test_1.jpg;;8;ISO-8859-1;1;0;GiuseppeW11;0;3
1,67361E+12;559;HTTP Request1_large;200;OK;Thread Group 3-3;bin;true;;10486054;133;17;17;http://192.168.56.4/large/test_1.jpg;;23;ISO-8859-1;1;0;GiuseppeW11;0;7
1,67361E+12;604;HTTP Request2_large;200;OK;Thread Group 3-4;bin;true;;10486054;133;19;19;http://192.168.56.4/large/test_2.jpg;;41;ISO-8859-1;1;0;GiuseppeW11;0;4
1,67361E+12;887;HTTP Request2_large;200;OK;Thread Group 3-6;bin;true;;10486054;133;25;25;http://192.168.56.4/large/test_2.jpg;;10;ISO-8859-1;1;0;GiuseppeW11;0;4
1,67361E+12;883;HTTP Request3_large;200;OK;Thread Group 3-8;bin;true;;10486054;133;25;25;http://192.168.56.4/large/test_3.jpg;;8;ISO-8859-1;1;0;GiuseppeW11;0;1
1,67361E+12;934;HTTP Request1_large;200;OK;Thread Group 3-7;bin;true;;10486054;133;25;25;http://192.168.56.4/large/test_1.jpg;;13;ISO-8859-1;1;0;GiuseppeW11;0;7
1,67361E+12;864;HTTP Request1_large;200;OK;Thread Group 3-15;bin;true;;10486054;133;25;25;http://192.168.56.4/large/test_1.jpg;;15;ISO-8859-1;1;0;GiuseppeW11;0;4
1,67361E+12;861;HTTP Request1_large;200;OK;Thread Group 3-16;bin;true;;10486054;133;25;25;http://192.168.56.4/large/test_1.jpg;;19;ISO-8859-1;1;0;GiuseppeW11;0;2
1,67361E+12;1069;HTTP Request2_large;200;OK;Thread Group 3-11;bin;true;;10486054;133;25;25;http://192.168.56.4/large/test_2.jpg;;29;ISO-8859-1;1;0;GiuseppeW11;0;18
1,67361E+12;1161;HTTP Request2_large;200;OK;Thread Group 3-9;bin;true;;10486054;133;25;25;http://192.168.56.4/large/test_2.jpg;;29;ISO-8859-1;1;0;GiuseppeW11;0;10
1,67361E+12;906;HTTP Request1_large;200;OK;Thread Group 3-19;bin;true;;10486054;133;25;25;http://192.168.56.4/large/test_1.jpg;;9;ISO-8859-1;1;0;GiuseppeW11;0;4
1,67361E+12;888;HTTP Request2_large;200;OK;Thread Group 3-20;bin;true;;10486054;133;25;25;http://192.168.56.4/large/test_2.jpg;;31;ISO-8859-1;1;0;GiuseppeW11;0;10
1,67361E+12;1253;HTTP Request1_large;200;OK;Thread Group 3-13;bin;true;;10486054;133;25;25;http://192.168.56.4/large/test_1.jpg;;11;ISO-8859-1;1;0;GiuseppeW11;0;4
1,67361E+12;773;HTTP Request1_large;200;OK;Thread Group 3-23;bin;true;;10486054;133;25;25;http://192.168.56.4/large/test_1.jpg;;10;ISO-8859-1;1;0;GiuseppeW11;0;4
1,67361E+12;1097;HTTP Request2_large;200;OK;Thread Group 3-17;bin;true;;10486054;133;25;25;http://192.168.56.4/large/test_2.jpg;;13;ISO-8859-1;1;0;GiuseppeW11;0;5
1,67361E+12;841;HTTP Request2_large;200;OK;Thread Group 3-25;bin;true;;10486054;133;25;25;http://192.168.56.4/large/test_2.jpg;;10;ISO-8859-1;1;0;GiuseppeW11;0;4
1,67361E+12;230;HTTP Request1_large;200;OK;Thread Group 3-1;bin;true;;10486053;133;25;25;http://192.168.56.4/large/test_1.jpg;;7;ISO-8859-1;1;0;GiuseppeW11;0;0
1,67361E+12;1473;HTTP Request1_large;200;OK;Thread Group 3-10;bin;true;;10486054;133;25;25;http://192.168.56.4/large/test_1.jpg;;12;ISO-8859-1;1;0;GiuseppeW11;0;6
1,67361E+12;1105;HTTP Request4_large;200;OK;Thread Group 3-21;bin;true;;10486054;133;25;25;http://192.168.56.4/large/test_4.jpg;;19;ISO-8859-1;1;0;GiuseppeW11;0;7
1,67361E+12;1231;HTTP Request2_large;200;OK;Thread Group 3-18;bin;true;;10486054;133;25;25;http://192.168.56.4/large/test_2.jpg;;19;ISO-8859-1;1;0;GiuseppeW11;0;1
1,67361E+12;953;HTTP Request4_large;200;OK;Thread Group 3-24;bin;true;;10486054;133;25;25;http://192.168.56.4/large/test_4.jpg;;12;ISO-8859-1;1;0;GiuseppeW11;0;5
1,67361E+12;1413;HTTP Request3_large;200;OK;Thread Group 3-14;bin;true;;10486054;133;25;25;http://192.168.56.4/large/test_3.jpg;;11;ISO-8859-1;1;0;GiuseppeW11;0;4
1,67361E+12;1501;HTTP Request2_large;200;OK;Thread Group 3-12;bin;true;;10486054;133;25;25;http://192.168.56.4/large/test_2.jpg;;54;ISO-8859-1;1;0;GiuseppeW11;0;4
1,67361E+12;1149;HTTP Request2_large;200;OK;Thread Group 3-22;bin;true;;10486054;133;25;25;http://192.168.56.4/large/test_2.jpg;;106;ISO-8859-1;1;0;GiuseppeW11;0;2
1,67361E+12;127;HTTP Request4_large;200;OK;Thread Group 3-2;bin;true;;10486053;133;25;25;http://192.168.56.4/large/test_4.jpg;;1;ISO-8859-1;1;0;GiuseppeW11;0;0
1,67361E+12;129;HTTP Request3_large;200;OK;Thread Group 3-5;bin;true;;10486053;133;25;25;http://192.168.56.4/large/test_3.jpg;;2;ISO-8859-1;1;0;GiuseppeW11;0;0
1,67361E+12;48;HTTP Request4_large;200;OK;Thread Group 3-3;bin;true;;10486053;133;25;25;http://192.168.56.4/large/test_4.jpg;;2;ISO-8859-1;1;0;GiuseppeW11;0;0
1,67361E+12;128;HTTP Request1_large;200;OK;Thread Group 3-4;bin;true;;10486053;133;25;25;http://192.168.56.4/large/test_1.jpg;;2;ISO-8859-1;1;0;GiuseppeW11;0;0
1,67361E+12;230;HTTP Request1_large;200;OK;Thread Group 3-6;bin;true;;10486053;133;25;25;http://192.168.56.4/large/test_1.jpg;;2;ISO-8859-1;1;0;GiuseppeW11;0;0
1,67361E+12;509;HTTP Request2_large;200;OK;Thread Group 3-8;bin;true;;10486053;133;25;25;http://192.168.56.4/large/test_2.jpg;;3;ISO-8859-1;1;0;GiuseppeW11;0;0
1,67361E+12;844;HTTP Request2_large;200;OK;Thread Group 3-7;bin;true;;10486053;133;25;25;http://192.168.56.4/large/test_2.jpg;;5;ISO-8859-1;1;0;GiuseppeW11;0;0
1,67361E+12;832;HTTP Request2_large;200;OK;Thread Group 3-9;bin;true;;10486053;133;25;25;http://192.168.56.4/large/test_2.jpg;;9;ISO-8859-1;1;0;GiuseppeW11;0;0
1,67361E+12;759;HTTP Request4_large;200;OK;Thread Group 3-11;bin;true;;10486053;133;25;25;http://192.168.56.4/large/test_4.jpg;;6;ISO-8859-1;1;0;GiuseppeW11;0;0
1,67361E+12;896;HTTP Request2_large;200;OK;Thread Group 3-10;bin;true;;10486053;133;25;25;http://192.168.56.4/large/test_2.jpg;;8;ISO-8859-1;1;0;GiuseppeW11;0;0
1,67361E+12;964;HTTP Request2_large;200;OK;Thread Group 3-12;bin;true;;10486053;133;25;25;http://192.168.56.4/large/test_2.jpg;;4;ISO-8859-1;1;0;GiuseppeW11;0;0
1,67361E+12;564;HTTP Request1_large;200;OK;Thread Group 3-23;bin;true;;10486053;133;25;25;http://192.168.56.4/large/test_1.jpg;;11;ISO-8859-1;1;0;GiuseppeW11;0;0
1,67361E+12;785;HTTP Request3_large;200;OK;Thread Group 3-20;bin;true;;10486053;133;25;25;http://192.168.56.4/large/test_3.jpg;;20;ISO-8859-1;1;0;GiuseppeW11;0;0
1,67361E+12;1010;HTTP Request1_large;200;OK;Thread Group 3-15;bin;true;;10486053;133;25;25;http://192.168.56.4/large/test_1.jpg;;5;ISO-8859-1;1;0;GiuseppeW11;0;0
1,67361E+12;890;HTTP Request4_large;200;OK;Thread Group 3-16;bin;true;;10486053;133;25;25;http://192.168.56.4/large/test_4.jpg;;18;ISO-8859-1;1;0;GiuseppeW11;0;0
1,67361E+12;618;HTTP Request4_large;200;OK;Thread Group 3-25;bin;true;;10486053;133;25;25;http://192.168.56.4/large/test_4.jpg;;11;ISO-8859-1;1;0;GiuseppeW11;0;0
1,67361E+12;1075;HTTP Request4_large;200;OK;Thread Group 3-14;bin;true;;10486053;133;25;25;http://192.168.56.4/large/test_4.jpg;;5;ISO-8859-1;1;0;GiuseppeW11;0;0
1,67361E+12;1269;HTTP Request4_large;200;OK;Thread Group 3-13;bin;true;;10486053;133;25;25;http://192.168.56.4/large/test_4.jpg;;4;ISO-8859-1;1;0;GiuseppeW11;0;0
1,67361E+12;953;HTTP Request3_large;200;OK;Thread Group 3-21;bin;true;;10486053;133;25;25;http://192.168.56.4/large/test_3.jpg;;10;ISO-8859-1;1;0;GiuseppeW11;0;0
1,67361E+12;1083;HTTP Request2_large;200;OK;Thread Group 3-18;bin;true;;10486053;133;25;25;http://192.168.56.4/large/test_2.jpg;;6;ISO-8859-1;1;0;GiuseppeW11;0;0
1,67361E+12;816;HTTP Request1_large;200;OK;Thread Group 3-24;bin;true;;10486053;133;25;25;http://192.168.56.4/large/test_1.jpg;;11;ISO-8859-1;1;0;GiuseppeW11;0;0
1,67361E+12;1116;HTTP Request4_large;200;OK;Thread Group 3-17;bin;true;;10486053;133;25;25;http://192.168.56.4/large/test_4.jpg;;20;ISO-8859-1;1;0;GiuseppeW11;0;0
1,67361E+12;263;HTTP Request4_large;200;OK;Thread Group 3-1;bin;true;;10486053;133;25;25;http://192.168.56.4/large/test_4.jpg;;9;ISO-8859-1;1;0;GiuseppeW11;0;0
1,67361E+12;990;HTTP Request1_large;200;OK;Thread Group 3-22;bin;true;;10486053;133;25;25;http://192.168.56.4/large/test_1.jpg;;4;ISO-8859-1;1;0;GiuseppeW11;0;0
1,67361E+12;1110;HTTP Request3_large;200;OK;Thread Group 3-19;bin;true;;10486053;133;25;25;http://192.168.56.4/large/test_3.jpg;;13;ISO-8859-1;1;0;GiuseppeW11;0;0
1,67361E+12;113;HTTP Request3_large;200;OK;Thread Group 3-2;bin;true;;10486053;133;25;25;http://192.168.56.4/large/test_3.jpg;;3;ISO-8859-1;1;0;GiuseppeW11;0;0
1,67361E+12;113;HTTP Request4_large;200;OK;Thread Group 3-5;bin;true;;10486053;133;25;25;http://192.168.56.4/large/test_4.jpg;;4;ISO-8859-1;1;0;GiuseppeW11;0;0
1,67361E+12;93;HTTP Request2_large;200;OK;Thread Group 3-3;bin;true;;10486053;133;25;25;http://192.168.56.4/large/test_2.jpg;;2;ISO-8859-1;1;0;GiuseppeW11;0;0
1,67361E+12;110;HTTP Request4_large;200;OK;Thread Group 3-4;bin;true;;10486053;133;25;25;http://192.168.56.4/large/test_4.jpg;;2;ISO-8859-1;1;0;GiuseppeW11;0;0
1,67361E+12;173;HTTP Request3_large;200;OK;Thread Group 3-6;bin;true;;10486053;133;25;25;http://192.168.56.4/large/test_3.jpg;;7;ISO-8859-1;1;0;GiuseppeW11;0;0
1,67361E+12;137;HTTP Request3_large;200;OK;Thread Group 3-8;bin;true;;10486053;133;25;25;http://192.168.56.4/large/test_3.jpg;;31;ISO-8859-1;1;0;GiuseppeW11;0;0
1,67361E+12;250;HTTP Request4_large;200;OK;Thread Group 3-7;bin;true;;10486053;133;25;25;http://192.168.56.4/large/test_4.jpg;;10;ISO-8859-1;1;0;GiuseppeW11;0;0
1,67361E+12;184;HTTP Request4_large;200;OK;Thread Group 3-9;bin;true;;10486053;133;25;25;http://192.168.56.4/large/test_4.jpg;;2;ISO-8859-1;1;0;GiuseppeW11;0;0
1,67361E+12;235;HTTP Request1_large;200;OK;Thread Group 3-11;bin;true;;10486053;133;25;25;http://192.168.56.4/large/test_1.jpg;;2;ISO-8859-1;1;0;GiuseppeW11;0;0
1,67361E+12;299;HTTP Request4_large;200;OK;Thread Group 3-10;bin;true;;10486053;133;25;25;http://192.168.56.4/large/test_4.jpg;;4;ISO-8859-1;1;0;GiuseppeW11;0;0
1,67361E+12;281;HTTP Request1_large;200;OK;Thread Group 3-12;bin;true;;10486053;133;25;25;http://192.168.56.4/large/test_1.jpg;;3;ISO-8859-1;1;0;GiuseppeW11;0;0
1,67361E+12;244;HTTP Request3_large;200;OK;Thread Group 3-13;bin;true;;10486053;133;25;25;http://192.168.56.4/large/test_3.jpg;;2;ISO-8859-1;1;0;GiuseppeW11;0;0
1,67361E+12;339;HTTP Request2_large;200;OK;Thread Group 3-14;bin;true;;10486053;133;25;25;http://192.168.56.4/large/test_2.jpg;;1;ISO-8859-1;1;0;GiuseppeW11;0;0
1,67361E+12;348;HTTP Request4_large;200;OK;Thread Group 3-15;bin;true;;10486053;133;25;25;http://192.168.56.4/large/test_4.jpg;;6;ISO-8859-1;1;0;GiuseppeW11;0;0
1,67361E+12;348;HTTP Request2_large;200;OK;Thread Group 3-16;bin;true;;10486053;133;25;25;http://192.168.56.4/large/test_2.jpg;;10;ISO-8859-1;1;0;GiuseppeW11;0;0
1,67361E+12;352;HTTP Request4_large;200;OK;Thread Group 3-17;bin;true;;10486053;133;25;25;http://192.168.56.4/large/test_4.jpg;;3;ISO-8859-1;1;0;GiuseppeW11;0;0
1,67361E+12;404;HTTP Request3_large;200;OK;Thread Group 3-18;bin;true;;10486053;133;25;25;http://192.168.56.4/large/test_3.jpg;;4;ISO-8859-1;1;0;GiuseppeW11;0;0
1,67361E+12;367;HTTP Request2_large;200;OK;Thread Group 3-19;bin;true;;10486053;133;25;25;http://192.168.56.4/large/test_2.jpg;;3;ISO-8859-1;1;0;GiuseppeW11;0;0
1,67361E+12;289;HTTP Request4_large;200;OK;Thread Group 3-20;bin;true;;10486053;133;25;25;http://192.168.56.4/large/test_4.jpg;;8;ISO-8859-1;1;0;GiuseppeW11;0;0
1,67361E+12;289;HTTP Request3_large;200;OK;Thread Group 3-21;bin;true;;10486053;133;25;25;http://192.168.56.4/large/test_3.jpg;;7;ISO-8859-1;1;0;GiuseppeW11;0;0
1,67361E+12;301;HTTP Request3_large;200;OK;Thread Group 3-22;bin;true;;10486053;133;25;25;http://192.168.56.4/large/test_3.jpg;;9;ISO-8859-1;1;0;GiuseppeW11;0;0
1,67361E+12;215;HTTP Request2_large;200;OK;Thread Group 3-23;bin;true;;10486053;133;25;25;http://192.168.56.4/large/test_2.jpg;;9;ISO-8859-1;1;0;GiuseppeW11;0;0
1,67361E+12;221;HTTP Request1_large;200;OK;Thread Group 3-25;bin;true;;10486053;133;25;25;http://192.168.56.4/large/test_1.jpg;;3;ISO-8859-1;1;0;GiuseppeW11;0;0
1,67361E+12;229;HTTP Request3_large;200;OK;Thread Group 3-24;bin;true;;10486053;133;25;25;http://192.168.56.4/large/test_3.jpg;;3;ISO-8859-1;1;0;GiuseppeW11;0;0
1,67361E+12;72;HTTP Request4_large;200;OK;Thread Group 3-1;bin;true;;10486053;133;25;25;http://192.168.56.4/large/test_4.jpg;;2;ISO-8859-1;1;0;GiuseppeW11;0;0
1,67361E+12;102;HTTP Request1_large;200;OK;Thread Group 3-5;bin;true;;10486053;133;25;25;http://192.168.56.4/large/test_1.jpg;;2;ISO-8859-1;1;0;GiuseppeW11;0;0
1,67361E+12;105;HTTP Request4_large;200;OK;Thread Group 3-2;bin;true;;10486053;133;25;25;http://192.168.56.4/large/test_4.jpg;;2;ISO-8859-1;1;0;GiuseppeW11;0;0
1,67361E+12;113;HTTP Request3_large;200;OK;Thread Group 3-3;bin;true;;10486053;133;25;25;http://192.168.56.4/large/test_3.jpg;;3;ISO-8859-1;1;0;GiuseppeW11;0;0
1,67361E+12;142;HTTP Request2_large;200;OK;Thread Group 3-4;bin;true;;10486053;133;25;25;http://192.168.56.4/large/test_2.jpg;;2;ISO-8859-1;1;0;GiuseppeW11;0;0
1,67361E+12;113;HTTP Request2_large;200;OK;Thread Group 3-6;bin;true;;10486053;133;25;25;http://192.168.56.4/large/test_2.jpg;;4;ISO-8859-1;1;0;GiuseppeW11;0;0
1,67361E+12;138;HTTP Request3_large;200;OK;Thread Group 3-7;bin;true;;10486053;133;25;25;http://192.168.56.4/large/test_3.jpg;;4;ISO-8859-1;1;0;GiuseppeW11;0;0
1,67361E+12;131;HTTP Request2_large;200;OK;Thread Group 3-8;bin;true;;10486053;133;25;25;http://192.168.56.4/large/test_2.jpg;;2;ISO-8859-1;1;0;GiuseppeW11;0;0
1,67361E+12;137;HTTP Request4_large;200;OK;Thread Group 3-9;bin;true;;10486053;133;25;25;http://192.168.56.4/large/test_4.jpg;;2;ISO-8859-1;1;0;GiuseppeW11;0;0
1,67361E+12;107;HTTP Request3_large;200;OK;Thread Group 3-11;bin;true;;10486053;133;25;25;http://192.168.56.4/large/test_3.jpg;;4;ISO-8859-1;1;0;GiuseppeW11;0;0
1,67361E+12;159;HTTP Request4_large;200;OK;Thread Group 3-10;bin;true;;10486053;133;25;25;http://192.168.56.4/large/test_4.jpg;;3;ISO-8859-1;1;0;GiuseppeW11;0;0
1,67361E+12;139;HTTP Request3_large;200;OK;Thread Group 3-12;bin;true;;10486053;133;25;25;http://192.168.56.4/large/test_3.jpg;;2;ISO-8859-1;1;0;GiuseppeW11;0;0
1,67361E+12;114;HTTP Request2_large;200;OK;Thread Group 3-13;bin;true;;10486053;133;25;25;http://192.168.56.4/large/test_2.jpg;;2;ISO-8859-1;1;0;GiuseppeW11;0;0
1,67361E+12;144;HTTP Request2_large;200;OK;Thread Group 3-14;bin;true;;10486053;133;25;25;http://192.168.56.4/large/test_2.jpg;;3;ISO-8859-1;1;0;GiuseppeW11;0;0
1,67361E+12;138;HTTP Request3_large;200;OK;Thread Group 3-15;bin;true;;10486053;133;25;25;http://192.168.56.4/large/test_3.jpg;;3;ISO-8859-1;1;0;GiuseppeW11;0;0
1,67361E+12;161;HTTP Request4_large;200;OK;Thread Group 3-16;bin;true;;10486053;133;25;25;http://192.168.56.4/large/test_4.jpg;;2;ISO-8859-1;1;0;GiuseppeW11;0;0
1,67361E+12;130;HTTP Request3_large;200;OK;Thread Group 3-17;bin;true;;10486053;133;25;25;http://192.168.56.4/large/test_3.jpg;;2;ISO-8859-1;1;0;GiuseppeW11;0;0
1,67361E+12;145;HTTP Request4_large;200;OK;Thread Group 3-18;bin;true;;10486053;133;25;25;http://192.168.56.4/large/test_4.jpg;;4;ISO-8859-1;1;0;GiuseppeW11;0;0
1,67361E+12;146;HTTP Request2_large;200;OK;Thread Group 3-19;bin;true;;10486053;133;25;25;http://192.168.56.4/large/test_2.jpg;;9;ISO-8859-1;1;0;GiuseppeW11;0;0
1,67361E+12;110;HTTP Request4_large;200;OK;Thread Group 3-20;bin;true;;10486053;133;25;25;http://192.168.56.4/large/test_4.jpg;;2;ISO-8859-1;1;0;GiuseppeW11;0;0
1,67361E+12;197;HTTP Request3_large;200;OK;Thread Group 3-21;bin;true;;10486053;133;25;25;http://192.168.56.4/large/test_3.jpg;;3;ISO-8859-1;1;0;GiuseppeW11;0;0
1,67361E+12;237;HTTP Request3_large;200;OK;Thread Group 3-22;bin;true;;10486053;133;25;25;http://192.168.56.4/large/test_3.jpg;;1;ISO-8859-1;1;0;GiuseppeW11;0;0
1,67361E+12;126;HTTP Request3_large;200;OK;Thread Group 3-25;bin;true;;10486053;133;25;25;http://192.168.56.4/large/test_3.jpg;;4;ISO-8859-1;1;0;GiuseppeW11;0;0
1,67361E+12;135;HTTP Request3_large;200;OK;Thread Group 3-24;bin;true;;10486053;133;25;25;http://192.168.56.4/large/test_3.jpg;;3;ISO-8859-1;1;0;GiuseppeW11;0;0
1,67361E+12;150;HTTP Request1_large;200;OK;Thread Group 3-23;bin;true;;10486053;133;25;25;http://192.168.56.4/large/test_1.jpg;;10;ISO-8859-1;1;0;GiuseppeW11;0;0
1,67361E+12;110;HTTP Request3_large;200;OK;Thread Group 3-1;bin;true;;10486053;133;25;25;http://192.168.56.4/large/test_3.jpg;;3;ISO-8859-1;1;0;GiuseppeW11;0;0
1,67361E+12;207;HTTP Request3_large;200;OK;Thread Group 3-5;bin;true;;10486053;133;25;25;http://192.168.56.4/large/test_3.jpg;;2;ISO-8859-1;1;0;GiuseppeW11;0;0
1,67361E+12;256;HTTP Request1_large;200;OK;Thread Group 3-2;bin;true;;10486053;133;25;25;http://192.168.56.4/large/test_1.jpg;;3;ISO-8859-1;1;0;GiuseppeW11;0;0
1,67361E+12;118;HTTP Request4_large;200;OK;Thread Group 3-3;bin;true;;10486053;133;25;25;http://192.168.56.4/large/test_4.jpg;;8;ISO-8859-1;1;0;GiuseppeW11;0;0
1,67361E+12;130;HTTP Request4_large;200;OK;Thread Group 3-4;bin;true;;10486053;133;25;25;http://192.168.56.4/large/test_4.jpg;;2;ISO-8859-1;1;0;GiuseppeW11;0;0
1,67361E+12;86;HTTP Request2_large;200;OK;Thread Group 3-6;bin;true;;10486053;133;25;25;http://192.168.56.4/large/test_2.jpg;;2;ISO-8859-1;1;0;GiuseppeW11;0;0
1,67361E+12;92;HTTP Request2_large;200;OK;Thread Group 3-7;bin;true;;10486053;133;25;25;http://192.168.56.4/large/test_2.jpg;;2;ISO-8859-1;1;0;GiuseppeW11;0;0
1,67361E+12;96;HTTP Request4_large;200;OK;Thread Group 3-8;bin;true;;10486053;133;25;25;http://192.168.56.4/large/test_4.jpg;;4;ISO-8859-1;1;0;GiuseppeW11;0;0
1,67361E+12;85;HTTP Request2_large;200;OK;Thread Group 3-9;bin;true;;10486053;133;25;25;http://192.168.56.4/large/test_2.jpg;;1;ISO-8859-1;1;0;GiuseppeW11;0;0
1,67361E+12;84;HTTP Request4_large;200;OK;Thread Group 3-10;bin;true;;10486053;133;25;25;http://192.168.56.4/large/test_4.jpg;;3;ISO-8859-1;1;0;GiuseppeW11;0;0
1,67361E+12;115;HTTP Request2_large;200;OK;Thread Group 3-11;bin;true;;10486053;133;25;25;http://192.168.56.4/large/test_2.jpg;;2;ISO-8859-1;1;0;GiuseppeW11;0;0
1,67361E+12;112;HTTP Request2_large;200;OK;Thread Group 3-12;bin;true;;10486053;133;25;25;http://192.168.56.4/large/test_2.jpg;;2;ISO-8859-1;1;0;GiuseppeW11;0;0
1,67361E+12;119;HTTP Request1_large;200;OK;Thread Group 3-13;bin;true;;10486053;133;25;25;http://192.168.56.4/large/test_1.jpg;;1;ISO-8859-1;1;0;GiuseppeW11;0;0
1,67361E+12;108;HTTP Request2_large;200;OK;Thread Group 3-14;bin;true;;10486053;133;25;25;http://192.168.56.4/large/test_2.jpg;;1;ISO-8859-1;1;0;GiuseppeW11;0;0
1,67361E+12;94;HTTP Request1_large;200;OK;Thread Group 3-15;bin;true;;10486053;133;25;25;http://192.168.56.4/large/test_1.jpg;;2;ISO-8859-1;1;0;GiuseppeW11;0;0
1,67361E+12;91;HTTP Request2_large;200;OK;Thread Group 3-16;bin;true;;10486053;133;25;25;http://192.168.56.4/large/test_2.jpg;;3;ISO-8859-1;1;0;GiuseppeW11;0;0
1,67361E+12;82;HTTP Request3_large;200;OK;Thread Group 3-17;bin;true;;10486053;133;25;25;http://192.168.56.4/large/test_3.jpg;;3;ISO-8859-1;1;0;GiuseppeW11;0;0
1,67361E+12;71;HTTP Request2_large;200;OK;Thread Group 3-18;bin;true;;10486053;133;25;25;http://192.168.56.4/large/test_2.jpg;;1;ISO-8859-1;1;0;GiuseppeW11;0;0
1,67361E+12;107;HTTP Request1_large;200;OK;Thread Group 3-19;bin;true;;10486053;133;25;25;http://192.168.56.4/large/test_1.jpg;;2;ISO-8859-1;1;0;GiuseppeW11;0;0
1,67361E+12;125;HTTP Request2_large;200;OK;Thread Group 3-20;bin;true;;10486053;133;25;25;http://192.168.56.4/large/test_2.jpg;;2;ISO-8859-1;1;0;GiuseppeW11;0;0
1,67361E+12;106;HTTP Request1_large;200;OK;Thread Group 3-21;bin;true;;10486053;133;25;25;http://192.168.56.4/large/test_1.jpg;;5;ISO-8859-1;1;0;GiuseppeW11;0;0
1,67361E+12;80;HTTP Request1_large;200;OK;Thread Group 3-22;bin;true;;10486053;133;25;25;http://192.168.56.4/large/test_1.jpg;;2;ISO-8859-1;1;0;GiuseppeW11;0;0
1,67361E+12;88;HTTP Request4_large;200;OK;Thread Group 3-23;bin;true;;10486053;133;25;25;http://192.168.56.4/large/test_4.jpg;;4;ISO-8859-1;1;0;GiuseppeW11;0;0
1,67361E+12;112;HTTP Request3_large;200;OK;Thread Group 3-24;bin;true;;10486053;133;25;25;http://192.168.56.4/large/test_3.jpg;;3;ISO-8859-1;1;0;GiuseppeW11;0;0
1,67361E+12;111;HTTP Request1_large;200;OK;Thread Group 3-25;bin;true;;10486053;133;25;25;http://192.168.56.4/large/test_1.jpg;;3;ISO-8859-1;1;0;GiuseppeW11;0;0
1,67361E+12;94;HTTP Request1_large;200;OK;Thread Group 3-1;bin;true;;10486053;133;25;25;http://192.168.56.4/large/test_1.jpg;;3;ISO-8859-1;1;0;GiuseppeW11;0;0
1,67361E+12;107;HTTP Request2_large;200;OK;Thread Group 3-5;bin;true;;10486053;133;25;25;http://192.168.56.4/large/test_2.jpg;;2;ISO-8859-1;1;0;GiuseppeW11;0;0
1,67361E+12;128;HTTP Request2_large;200;OK;Thread Group 3-2;bin;true;;10486053;133;25;25;http://192.168.56.4/large/test_2.jpg;;3;ISO-8859-1;1;0;GiuseppeW11;0;0
1,67361E+12;59;HTTP Request4_large;200;OK;Thread Group 3-3;bin;true;;10486053;133;25;25;http://192.168.56.4/large/test_4.jpg;;3;ISO-8859-1;1;0;GiuseppeW11;0;0
1,67361E+12;93;HTTP Request1_large;200;OK;Thread Group 3-4;bin;true;;10486053;133;25;25;http://192.168.56.4/large/test_1.jpg;;3;ISO-8859-1;1;0;GiuseppeW11;0;0
1,67361E+12;76;HTTP Request4_large;200;OK;Thread Group 3-6;bin;true;;10486053;133;25;25;http://192.168.56.4/large/test_4.jpg;;2;ISO-8859-1;1;0;GiuseppeW11;0;0
1,67361E+12;84;HTTP Request4_large;200;OK;Thread Group 3-7;bin;true;;10486053;133;25;25;http://192.168.56.4/large/test_4.jpg;;2;ISO-8859-1;1;0;GiuseppeW11;0;0
1,67361E+12;67;HTTP Request3_large;200;OK;Thread Group 3-8;bin;true;;10486053;133;25;25;http://192.168.56.4/large/test_3.jpg;;2;ISO-8859-1;1;0;GiuseppeW11;0;0
1,67361E+12;83;HTTP Request3_large;200;OK;Thread Group 3-9;bin;true;;10486053;133;25;25;http://192.168.56.4/large/test_3.jpg;;2;ISO-8859-1;1;0;GiuseppeW11;0;0
1,67361E+12;88;HTTP Request3_large;200;OK;Thread Group 3-10;bin;true;;10486053;133;25;25;http://192.168.56.4/large/test_3.jpg;;2;ISO-8859-1;1;0;GiuseppeW11;0;0
1,67361E+12;176;HTTP Request3_large;200;OK;Thread Group 3-11;bin;true;;10486053;133;25;25;http://192.168.56.4/large/test_3.jpg;;2;ISO-8859-1;1;0;GiuseppeW11;0;0
1,67361E+12;231;HTTP Request2_large;200;OK;Thread Group 3-12;bin;true;;10486053;133;25;25;http://192.168.56.4/large/test_2.jpg;;1;ISO-8859-1;1;0;GiuseppeW11;0;0
1,67361E+12;234;HTTP Request2_large;200;OK;Thread Group 3-14;bin;true;;10486053;133;25;25;http://192.168.56.4/large/test_2.jpg;;5;ISO-8859-1;1;0;GiuseppeW11;0;0
1,67361E+12;234;HTTP Request2_large;200;OK;Thread Group 3-15;bin;true;;10486053;133;25;25;http://192.168.56.4/large/test_2.jpg;;5;ISO-8859-1;1;0;GiuseppeW11;0;0
1,67361E+12;287;HTTP Request2_large;200;OK;Thread Group 3-13;bin;true;;10486053;133;25;25;http://192.168.56.4/large/test_2.jpg;;4;ISO-8859-1;1;0;GiuseppeW11;0;0
1,67361E+12;267;HTTP Request3_large;200;OK;Thread Group 3-16;bin;true;;10486053;133;25;25;http://192.168.56.4/large/test_3.jpg;;4;ISO-8859-1;1;0;GiuseppeW11;0;0
1,67361E+12;269;HTTP Request1_large;200;OK;Thread Group 3-18;bin;true;;10486053;133;25;25;http://192.168.56.4/large/test_1.jpg;;2;ISO-8859-1;1;0;GiuseppeW11;0;0
1,67361E+12;233;HTTP Request4_large;200;OK;Thread Group 3-19;bin;true;;10486053;133;25;25;http://192.168.56.4/large/test_4.jpg;;6;ISO-8859-1;1;0;GiuseppeW11;0;0
1,67361E+12;320;HTTP Request4_large;200;OK;Thread Group 3-17;bin;true;;10486053;133;25;25;http://192.168.56.4/large/test_4.jpg;;4;ISO-8859-1;1;0;GiuseppeW11;0;0
1,67361E+12;217;HTTP Request4_large;200;OK;Thread Group 3-21;bin;true;;10486053;133;25;25;http://192.168.56.4/large/test_4.jpg;;13;ISO-8859-1;1;0;GiuseppeW11;0;0
1,67361E+12;221;HTTP Request1_large;200;OK;Thread Group 3-22;bin;true;;10486053;133;25;25;http://192.168.56.4/large/test_1.jpg;;4;ISO-8859-1;1;0;GiuseppeW11;0;0
1,67361E+12;321;HTTP Request3_large;200;OK;Thread Group 3-20;bin;true;;10486053;133;25;25;http://192.168.56.4/large/test_3.jpg;;7;ISO-8859-1;1;0;GiuseppeW11;0;0
1,67361E+12;165;HTTP Request3_large;200;OK;Thread Group 3-23;bin;true;;10486053;133;25;25;http://192.168.56.4/large/test_3.jpg;;3;ISO-8859-1;1;0;GiuseppeW11;0;0
1,67361E+12;168;HTTP Request2_large;200;OK;Thread Group 3-24;bin;true;;10486053;133;25;25;http://192.168.56.4/large/test_2.jpg;;4;ISO-8859-1;1;0;GiuseppeW11;0;0
1,67361E+12;169;HTTP Request4_large;200;OK;Thread Group 3-25;bin;true;;10486053;133;25;25;http://192.168.56.4/large/test_4.jpg;;3;ISO-8859-1;1;0;GiuseppeW11;0;0
1,67361E+12;67;HTTP Request2_large;200;OK;Thread Group 3-1;bin;true;;10486053;133;25;25;http://192.168.56.4/large/test_2.jpg;;3;ISO-8859-1;1;0;GiuseppeW11;0;0
1,67361E+12;92;HTTP Request3_large;200;OK;Thread Group 3-2;bin;true;;10486053;133;25;25;http://192.168.56.4/large/test_3.jpg;;2;ISO-8859-1;1;0;GiuseppeW11;0;0
1,67361E+12;95;HTTP Request1_large;200;OK;Thread Group 3-5;bin;true;;10486053;133;25;25;http://192.168.56.4/large/test_1.jpg;;1;ISO-8859-1;1;0;GiuseppeW11;0;0
1,67361E+12;62;HTTP Request3_large;200;OK;Thread Group 3-3;bin;true;;10486053;133;25;25;http://192.168.56.4/large/test_3.jpg;;2;ISO-8859-1;1;0;GiuseppeW11;0;0
1,67361E+12;101;HTTP Request3_large;200;OK;Thread Group 3-4;bin;true;;10486053;133;25;25;http://192.168.56.4/large/test_3.jpg;;5;ISO-8859-1;1;0;GiuseppeW11;0;0
1,67361E+12;146;HTTP Request2_large;200;OK;Thread Group 3-6;bin;true;;10486053;133;25;25;http://192.168.56.4/large/test_2.jpg;;4;ISO-8859-1;1;0;GiuseppeW11;0;0
1,67361E+12;173;HTTP Request3_large;200;OK;Thread Group 3-7;bin;true;;10486053;133;25;25;http://192.168.56.4/large/test_3.jpg;;3;ISO-8859-1;1;0;GiuseppeW11;0;0
1,67361E+12;150;HTTP Request3_large;200;OK;Thread Group 3-8;bin;true;;10486053;133;25;25;http://192.168.56.4/large/test_3.jpg;;35;ISO-8859-1;1;0;GiuseppeW11;0;0
1,67361E+12;146;HTTP Request1_large;200;OK;Thread Group 3-9;bin;true;;10486053;133;25;25;http://192.168.56.4/large/test_1.jpg;;3;ISO-8859-1;1;0;GiuseppeW11;0;0
1,67361E+12;121;HTTP Request4_large;200;OK;Thread Group 3-10;bin;true;;10486053;133;25;25;http://192.168.56.4/large/test_4.jpg;;2;ISO-8859-1;1;0;GiuseppeW11;0;0
1,67361E+12;110;HTTP Request2_large;200;OK;Thread Group 3-11;bin;true;;10486053;133;25;25;http://192.168.56.4/large/test_2.jpg;;3;ISO-8859-1;1;0;GiuseppeW11;0;0
1,67361E+12;98;HTTP Request4_large;200;OK;Thread Group 3-12;bin;true;;10486053;133;25;25;http://192.168.56.4/large/test_4.jpg;;5;ISO-8859-1;1;0;GiuseppeW11;0;0
1,67361E+12;73;HTTP Request3_large;200;OK;Thread Group 3-14;bin;true;;10486053;133;25;25;http://192.168.56.4/large/test_3.jpg;;1;ISO-8859-1;1;0;GiuseppeW11;0;0
1,67361E+12;117;HTTP Request2_large;200;OK;Thread Group 3-13;bin;true;;10486053;133;25;25;http://192.168.56.4/large/test_2.jpg;;2;ISO-8859-1;1;0;GiuseppeW11;0;0
1,67361E+12;87;HTTP Request2_large;200;OK;Thread Group 3-15;bin;true;;10486053;133;25;25;http://192.168.56.4/large/test_2.jpg;;2;ISO-8859-1;1;0;GiuseppeW11;0;0
1,67361E+12;115;HTTP Request3_large;200;OK;Thread Group 3-16;bin;true;;10486053;133;25;25;http://192.168.56.4/large/test_3.jpg;;1;ISO-8859-1;1;0;GiuseppeW11;0;0
1,67361E+12;145;HTTP Request4_large;200;OK;Thread Group 3-17;bin;true;;10486053;133;25;25;http://192.168.56.4/large/test_4.jpg;;3;ISO-8859-1;1;0;GiuseppeW11;0;0
1,67361E+12;148;HTTP Request4_large;200;OK;Thread Group 3-18;bin;true;;10486053;133;25;25;http://192.168.56.4/large/test_4.jpg;;2;ISO-8859-1;1;0;GiuseppeW11;0;0
1,67361E+12;124;HTTP Request1_large;200;OK;Thread Group 3-19;bin;true;;10486053;133;25;25;http://192.168.56.4/large/test_1.jpg;;3;ISO-8859-1;1;0;GiuseppeW11;0;0
1,67361E+12;143;HTTP Request1_large;200;OK;Thread Group 3-20;bin;true;;10486053;133;25;25;http://192.168.56.4/large/test_1.jpg;;3;ISO-8859-1;1;0;GiuseppeW11;0;0
1,67361E+12;107;HTTP Request3_large;200;OK;Thread Group 3-21;bin;true;;10486053;133;25;25;http://192.168.56.4/large/test_3.jpg;;6;ISO-8859-1;1;0;GiuseppeW11;0;0
1,67361E+12;89;HTTP Request1_large;200;OK;Thread Group 3-22;bin;true;;10486053;133;25;25;http://192.168.56.4/large/test_1.jpg;;3;ISO-8859-1;1;0;GiuseppeW11;0;0
1,67361E+12;109;HTTP Request1_large;200;OK;Thread Group 3-24;bin;true;;10486053;133;25;25;http://192.168.56.4/large/test_1.jpg;;1;ISO-8859-1;1;0;GiuseppeW11;0;0
1,67361E+12;109;HTTP Request3_large;200;OK;Thread Group 3-23;bin;true;;10486053;133;25;25;http://192.168.56.4/large/test_3.jpg;;2;ISO-8859-1;1;0;GiuseppeW11;0;0
1,67361E+12;116;HTTP Request1_large;200;OK;Thread Group 3-25;bin;true;;10486053;133;25;25;http://192.168.56.4/large/test_1.jpg;;0;ISO-8859-1;1;0;GiuseppeW11;0;0
1,67361E+12;83;HTTP Request3_large;200;OK;Thread Group 3-1;bin;true;;10486053;133;25;25;http://192.168.56.4/large/test_3.jpg;;6;ISO-8859-1;1;0;GiuseppeW11;0;0
1,67361E+12;148;HTTP Request3_large;200;OK;Thread Group 3-2;bin;true;;10486053;133;25;25;http://192.168.56.4/large/test_3.jpg;;2;ISO-8859-1;1;0;GiuseppeW11;0;0
1,67361E+12;148;HTTP Request3_large;200;OK;Thread Group 3-5;bin;true;;10486053;133;25;25;http://192.168.56.4/large/test_3.jpg;;2;ISO-8859-1;1;0;GiuseppeW11;0;0
1,67361E+12;50;HTTP Request3_large;200;OK;Thread Group 3-3;bin;true;;10486053;133;25;25;http://192.168.56.4/large/test_3.jpg;;1;ISO-8859-1;1;0;GiuseppeW11;0;0
1,67361E+12;61;HTTP Request2_large;200;OK;Thread Group 3-4;bin;true;;10486053;133;25;25;http://192.168.56.4/large/test_2.jpg;;2;ISO-8859-1;1;0;GiuseppeW11;0;0
1,67361E+12;116;HTTP Request4_large;200;OK;Thread Group 3-6;bin;true;;10486053;133;25;25;http://192.168.56.4/large/test_4.jpg;;2;ISO-8859-1;1;0;GiuseppeW11;0;0
1,67361E+12;129;HTTP Request4_large;200;OK;Thread Group 3-7;bin;true;;10486053;133;25;25;http://192.168.56.4/large/test_4.jpg;;7;ISO-8859-1;1;0;GiuseppeW11;0;0
1,67361E+12;93;HTTP Request2_large;200;OK;Thread Group 3-8;bin;true;;10486053;133;25;25;http://192.168.56.4/large/test_2.jpg;;4;ISO-8859-1;1;0;GiuseppeW11;0;0
1,67361E+12;109;HTTP Request1_large;200;OK;Thread Group 3-9;bin;true;;10486053;133;25;25;http://192.168.56.4/large/test_1.jpg;;2;ISO-8859-1;1;0;GiuseppeW11;0;0
1,67361E+12;94;HTTP Request4_large;200;OK;Thread Group 3-10;bin;true;;10486053;133;25;25;http://192.168.56.4/large/test_4.jpg;;5;ISO-8859-1;1;0;GiuseppeW11;0;0
1,67361E+12;94;HTTP Request4_large;200;OK;Thread Group 3-11;bin;true;;10486053;133;25;25;http://192.168.56.4/large/test_4.jpg;;1;ISO-8859-1;1;0;GiuseppeW11;0;0
1,67361E+12;73;HTTP Request1_large;200;OK;Thread Group 3-12;bin;true;;10486053;133;25;25;http://192.168.56.4/large/test_1.jpg;;3;ISO-8859-1;1;0;GiuseppeW11;0;0
1,67361E+12;76;HTTP Request2_large;200;OK;Thread Group 3-13;bin;true;;10486053;133;25;25;http://192.168.56.4/large/test_2.jpg;;2;ISO-8859-1;1;0;GiuseppeW11;0;0
1,67361E+12;205;HTTP Request4_large;200;OK;Thread Group 3-14;bin;true;;10486053;133;25;25;http://192.168.56.4/large/test_4.jpg;;1;ISO-8859-1;1;0;GiuseppeW11;0;0
1,67361E+12;345;HTTP Request3_large;200;OK;Thread Group 3-15;bin;true;;10486053;133;25;25;http://192.168.56.4/large/test_3.jpg;;3;ISO-8859-1;1;0;GiuseppeW11;0;0
1,67361E+12;235;HTTP Request3_large;200;OK;Thread Group 3-18;bin;true;;10486053;133;25;25;http://192.168.56.4/large/test_3.jpg;;5;ISO-8859-1;1;0;GiuseppeW11;0;0
1,67361E+12;314;HTTP Request1_large;200;OK;Thread Group 3-19;bin;true;;10486053;133;25;25;http://192.168.56.4/large/test_1.jpg;;3;ISO-8859-1;1;0;GiuseppeW11;0;0
1,67361E+12;342;HTTP Request2_large;200;OK;Thread Group 3-17;bin;true;;10486053;133;25;25;http://192.168.56.4/large/test_2.jpg;;5;ISO-8859-1;1;0;GiuseppeW11;0;0
1,67361E+12;302;HTTP Request4_large;200;OK;Thread Group 3-21;bin;true;;10486053;133;25;25;http://192.168.56.4/large/test_4.jpg;;5;ISO-8859-1;1;0;GiuseppeW11;0;0
1,67361E+12;270;HTTP Request3_large;200;OK;Thread Group 3-22;bin;true;;10486053;133;25;25;http://192.168.56.4/large/test_3.jpg;;5;ISO-8859-1;1;0;GiuseppeW11;0;0
1,67361E+12;420;HTTP Request2_large;200;OK;Thread Group 3-16;bin;true;;10486053;133;25;25;http://192.168.56.4/large/test_2.jpg;;5;ISO-8859-1;1;0;GiuseppeW11;0;0
1,67361E+12;391;HTTP Request3_large;200;OK;Thread Group 3-20;bin;true;;10486053;133;25;25;http://192.168.56.4/large/test_3.jpg;;5;ISO-8859-1;1;0;GiuseppeW11;0;0
1,67361E+12;214;HTTP Request1_large;200;OK;Thread Group 3-25;bin;true;;10486053;133;25;25;http://192.168.56.4/large/test_1.jpg;;7;ISO-8859-1;1;0;GiuseppeW11;0;0
1,67361E+12;218;HTTP Request1_large;200;OK;Thread Group 3-23;bin;true;;10486053;133;25;25;http://192.168.56.4/large/test_1.jpg;;6;ISO-8859-1;1;0;GiuseppeW11;0;0
1,67361E+12;225;HTTP Request3_large;200;OK;Thread Group 3-24;bin;true;;10486053;133;25;25;http://192.168.56.4/large/test_3.jpg;;9;ISO-8859-1;1;0;GiuseppeW11;0;0
1,67361E+12;167;HTTP Request2_large;200;OK;Thread Group 3-1;bin;true;;10486053;133;25;25;http://192.168.56.4/large/test_2.jpg;;3;ISO-8859-1;1;0;GiuseppeW11;0;0
1,67361E+12;107;HTTP Request2_large;200;OK;Thread Group 3-2;bin;true;;10486053;133;25;25;http://192.168.56.4/large/test_2.jpg;;2;ISO-8859-1;1;0;GiuseppeW11;0;0
1,67361E+12;107;HTTP Request4_large;200;OK;Thread Group 3-5;bin;true;;10486053;133;25;25;http://192.168.56.4/large/test_4.jpg;;2;ISO-8859-1;1;0;GiuseppeW11;0;0
1,67361E+12;54;HTTP Request4_large;200;OK;Thread Group 3-3;bin;true;;10486053;133;25;25;http://192.168.56.4/large/test_4.jpg;;3;ISO-8859-1;1;0;GiuseppeW11;0;0
1,67361E+12;142;HTTP Request3_large;200;OK;Thread Group 3-4;bin;true;;10486053;133;25;25;http://192.168.56.4/large/test_3.jpg;;5;ISO-8859-1;1;0;GiuseppeW11;0;0
1,67361E+12;110;HTTP Request4_large;200;OK;Thread Group 3-6;bin;true;;10486053;133;25;25;http://192.168.56.4/large/test_4.jpg;;3;ISO-8859-1;1;0;GiuseppeW11;0;0
1,67361E+12;118;HTTP Request1_large;200;OK;Thread Group 3-7;bin;true;;10486053;133;25;25;http://192.168.56.4/large/test_1.jpg;;2;ISO-8859-1;1;0;GiuseppeW11;0;0
1,67361E+12;117;HTTP Request4_large;200;OK;Thread Group 3-8;bin;true;;10486053;133;25;25;http://192.168.56.4/large/test_4.jpg;;4;ISO-8859-1;1;0;GiuseppeW11;0;0
1,67361E+12;110;HTTP Request3_large;200;OK;Thread Group 3-9;bin;true;;10486053;133;25;25;http://192.168.56.4/large/test_3.jpg;;4;ISO-8859-1;1;0;GiuseppeW11;0;0
1,67361E+12;84;HTTP Request4_large;200;OK;Thread Group 3-10;bin;true;;10486053;133;25;25;http://192.168.56.4/large/test_4.jpg;;4;ISO-8859-1;1;0;GiuseppeW11;0;0
1,67361E+12;80;HTTP Request2_large;200;OK;Thread Group 3-11;bin;true;;10486053;133;25;25;http://192.168.56.4/large/test_2.jpg;;3;ISO-8859-1;1;0;GiuseppeW11;0;0
1,67361E+12;66;HTTP Request4_large;200;OK;Thread Group 3-12;bin;true;;10486053;133;25;25;http://192.168.56.4/large/test_4.jpg;;2;ISO-8859-1;1;0;GiuseppeW11;0;0
1,67361E+12;61;HTTP Request4_large;200;OK;Thread Group 3-13;bin;true;;10486053;133;25;25;http://192.168.56.4/large/test_4.jpg;;2;ISO-8859-1;1;0;GiuseppeW11;0;0
1,67361E+12;101;HTTP Request1_large;200;OK;Thread Group 3-14;bin;true;;10486053;133;25;25;http://192.168.56.4/large/test_1.jpg;;1;ISO-8859-1;1;0;GiuseppeW11;0;0
1,67361E+12;124;HTTP Request3_large;200;OK;Thread Group 3-15;bin;true;;10486053;133;25;25;http://192.168.56.4/large/test_3.jpg;;3;ISO-8859-1;1;0;GiuseppeW11;0;0
1,67361E+12;102;HTTP Request2_large;200;OK;Thread Group 3-16;bin;true;;10486053;133;25;25;http://192.168.56.4/large/test_2.jpg;;4;ISO-8859-1;1;0;GiuseppeW11;0;0
1,67361E+12;102;HTTP Request3_large;200;OK;Thread Group 3-17;bin;true;;10486053;133;25;25;http://192.168.56.4/large/test_3.jpg;;3;ISO-8859-1;1;0;GiuseppeW11;0;0
1,67361E+12;89;HTTP Request2_large;200;OK;Thread Group 3-18;bin;true;;10486053;133;25;25;http://192.168.56.4/large/test_2.jpg;;2;ISO-8859-1;1;0;GiuseppeW11;0;0
1,67361E+12;102;HTTP Request3_large;200;OK;Thread Group 3-19;bin;true;;10486053;133;25;25;http://192.168.56.4/large/test_3.jpg;;2;ISO-8859-1;1;0;GiuseppeW11;0;0
1,67361E+12;84;HTTP Request4_large;200;OK;Thread Group 3-20;bin;true;;10486053;133;25;25;http://192.168.56.4/large/test_4.jpg;;3;ISO-8859-1;1;0;GiuseppeW11;0;0
1,67361E+12;105;HTTP Request4_large;200;OK;Thread Group 3-21;bin;true;;10486053;133;25;25;http://192.168.56.4/large/test_4.jpg;;3;ISO-8859-1;1;0;GiuseppeW11;0;0
1,67361E+12;75;HTTP Request1_large;200;OK;Thread Group 3-22;bin;true;;10486053;133;25;25;http://192.168.56.4/large/test_1.jpg;;2;ISO-8859-1;1;0;GiuseppeW11;0;0
1,67361E+12;97;HTTP Request3_large;200;OK;Thread Group 3-24;bin;true;;10486053;133;25;25;http://192.168.56.4/large/test_3.jpg;;2;ISO-8859-1;1;0;GiuseppeW11;0;0
1,67361E+12;107;HTTP Request4_large;200;OK;Thread Group 3-25;bin;true;;10486053;133;25;25;http://192.168.56.4/large/test_4.jpg;;3;ISO-8859-1;1;0;GiuseppeW11;0;0
1,67361E+12;116;HTTP Request1_large;200;OK;Thread Group 3-23;bin;true;;10486053;133;25;25;http://192.168.56.4/large/test_1.jpg;;2;ISO-8859-1;1;0;GiuseppeW11;0;0
1,67361E+12;56;HTTP Request2_large;200;OK;Thread Group 3-1;bin;true;;10486053;133;25;25;http://192.168.56.4/large/test_2.jpg;;2;ISO-8859-1;1;0;GiuseppeW11;0;0
1,67361E+12;213;HTTP Request3_large;200;OK;Thread Group 3-2;bin;true;;10486053;133;25;25;http://192.168.56.4/large/test_3.jpg;;2;ISO-8859-1;1;0;GiuseppeW11;0;0
1,67361E+12;214;HTTP Request1_large;200;OK;Thread Group 3-5;bin;true;;10486053;133;25;25;http://192.168.56.4/large/test_1.jpg;;1;ISO-8859-1;1;0;GiuseppeW11;0;0
1,67361E+12;71;HTTP Request3_large;200;OK;Thread Group 3-3;bin;true;;10486053;133;25;25;http://192.168.56.4/large/test_3.jpg;;6;ISO-8859-1;1;0;GiuseppeW11;0;0
1,67361E+12;62;HTTP Request2_large;200;OK;Thread Group 3-4;bin;true;;10486053;133;25;25;http://192.168.56.4/large/test_2.jpg;;3;ISO-8859-1;1;0;GiuseppeW11;0;0
1,67361E+12;143;HTTP Request4_large;200;OK;Thread Group 3-6;bin;true;;10486053;133;25;25;http://192.168.56.4/large/test_4.jpg;;2;ISO-8859-1;1;0;GiuseppeW11;0;0
1,67361E+12;171;HTTP Request3_large;200;OK;Thread Group 3-7;bin;true;;10486053;133;25;25;http://192.168.56.4/large/test_3.jpg;;4;ISO-8859-1;1;0;GiuseppeW11;0;0
1,67361E+12;147;HTTP Request4_large;200;OK;Thread Group 3-8;bin;true;;10486053;133;25;25;http://192.168.56.4/large/test_4.jpg;;2;ISO-8859-1;1;0;GiuseppeW11;0;0
1,67361E+12;139;HTTP Request2_large;200;OK;Thread Group 3-10;bin;true;;10486053;133;25;25;http://192.168.56.4/large/test_2.jpg;;4;ISO-8859-1;1;0;GiuseppeW11;0;0
1,67361E+12;180;HTTP Request3_large;200;OK;Thread Group 3-9;bin;true;;10486053;133;25;25;http://192.168.56.4/large/test_3.jpg;;11;ISO-8859-1;1;0;GiuseppeW11;0;0
1,67361E+12;135;HTTP Request4_large;200;OK;Thread Group 3-11;bin;true;;10486053;133;25;25;http://192.168.56.4/large/test_4.jpg;;11;ISO-8859-1;1;0;GiuseppeW11;0;0
1,67361E+12;106;HTTP Request1_large;200;OK;Thread Group 3-12;bin;true;;10486053;133;25;25;http://192.168.56.4/large/test_1.jpg;;8;ISO-8859-1;1;0;GiuseppeW11;0;0
1,67361E+12;84;HTTP Request4_large;200;OK;Thread Group 3-14;bin;true;;10486053;133;25;25;http://192.168.56.4/large/test_4.jpg;;4;ISO-8859-1;1;0;GiuseppeW11;0;0
1,67361E+12;147;HTTP Request1_large;200;OK;Thread Group 3-13;bin;true;;10486053;133;25;25;http://192.168.56.4/large/test_1.jpg;;6;ISO-8859-1;1;0;GiuseppeW11;0;0
1,67361E+12;97;HTTP Request4_large;200;OK;Thread Group 3-15;bin;true;;10486053;133;25;25;http://192.168.56.4/large/test_4.jpg;;2;ISO-8859-1;1;0;GiuseppeW11;0;0
1,67361E+12;221;HTTP Request2_large;200;OK;Thread Group 3-16;bin;true;;10486053;133;25;25;http://192.168.56.4/large/test_2.jpg;;2;ISO-8859-1;1;0;GiuseppeW11;0;0
1,67361E+12;208;HTTP Request1_large;200;OK;Thread Group 3-17;bin;true;;10486053;133;25;25;http://192.168.56.4/large/test_1.jpg;;8;ISO-8859-1;1;0;GiuseppeW11;0;0
1,67361E+12;260;HTTP Request3_large;200;OK;Thread Group 3-18;bin;true;;10486053;133;25;25;http://192.168.56.4/large/test_3.jpg;;4;ISO-8859-1;1;0;GiuseppeW11;0;0
1,67361E+12;204;HTTP Request2_large;200;OK;Thread Group 3-22;bin;true;;10486053;133;25;25;http://192.168.56.4/large/test_2.jpg;;4;ISO-8859-1;1;0;GiuseppeW11;0;0
1,67361E+12;237;HTTP Request4_large;200;OK;Thread Group 3-19;bin;true;;10486053;133;25;25;http://192.168.56.4/large/test_4.jpg;;3;ISO-8859-1;1;0;GiuseppeW11;0;0
1,67361E+12;245;HTTP Request3_large;200;OK;Thread Group 3-20;bin;true;;10486053;133;25;25;http://192.168.56.4/large/test_3.jpg;;2;ISO-8859-1;1;0;GiuseppeW11;0;0
1,67361E+12;257;HTTP Request2_large;200;OK;Thread Group 3-21;bin;true;;10486053;133;25;25;http://192.168.56.4/large/test_2.jpg;;6;ISO-8859-1;1;0;GiuseppeW11;0;0
1,67361E+12;193;HTTP Request4_large;200;OK;Thread Group 3-24;bin;true;;10486053;133;25;25;http://192.168.56.4/large/test_4.jpg;;4;ISO-8859-1;1;0;GiuseppeW11;0;0
1,67361E+12;191;HTTP Request4_large;200;OK;Thread Group 3-23;bin;true;;10486053;133;25;25;http://192.168.56.4/large/test_4.jpg;;4;ISO-8859-1;1;0;GiuseppeW11;0;0
1,67361E+12;196;HTTP Request2_large;200;OK;Thread Group 3-25;bin;true;;10486053;133;25;25;http://192.168.56.4/large/test_2.jpg;;3;ISO-8859-1;1;0;GiuseppeW11;0;0
1,67361E+12;79;HTTP Request1_large;200;OK;Thread Group 3-1;bin;true;;10486053;133;25;25;http://192.168.56.4/large/test_1.jpg;;3;ISO-8859-1;1;0;GiuseppeW11;0;0
1,67361E+12;297;HTTP Request1_large;200;OK;Thread Group 3-5;bin;true;;10486053;133;25;25;http://192.168.56.4/large/test_1.jpg;;1;ISO-8859-1;1;0;GiuseppeW11;0;0
1,67361E+12;299;HTTP Request2_large;200;OK;Thread Group 3-2;bin;true;;10486053;133;25;25;http://192.168.56.4/large/test_2.jpg;;2;ISO-8859-1;1;0;GiuseppeW11;0;0
1,67361E+12;186;HTTP Request2_large;200;OK;Thread Group 3-3;bin;true;;10486053;133;25;25;http://192.168.56.4/large/test_2.jpg;;1;ISO-8859-1;1;0;GiuseppeW11;0;0
1,67361E+12;79;HTTP Request3_large;200;OK;Thread Group 3-4;bin;true;;10486053;133;25;25;http://192.168.56.4/large/test_3.jpg;;3;ISO-8859-1;1;0;GiuseppeW11;0;0
1,67361E+12;304;HTTP Request3_large;200;OK;Thread Group 3-6;bin;true;;10486053;133;25;25;http://192.168.56.4/large/test_3.jpg;;2;ISO-8859-1;1;0;GiuseppeW11;0;0
1,67361E+12;499;HTTP Request1_large;200;OK;Thread Group 3-7;bin;true;;10486053;133;25;25;http://192.168.56.4/large/test_1.jpg;;3;ISO-8859-1;1;0;GiuseppeW11;0;0
1,67361E+12;896;HTTP Request3_large;200;OK;Thread Group 3-8;bin;true;;10486053;133;25;25;http://192.168.56.4/large/test_3.jpg;;17;ISO-8859-1;1;0;GiuseppeW11;0;0
1,67361E+12;922;HTTP Request1_large;200;OK;Thread Group 3-11;bin;true;;10486053;133;25;25;http://192.168.56.4/large/test_1.jpg;;9;ISO-8859-1;1;0;GiuseppeW11;0;0
1,67361E+12;1157;HTTP Request3_large;200;OK;Thread Group 3-12;bin;true;;10486053;133;25;25;http://192.168.56.4/large/test_3.jpg;;6;ISO-8859-1;1;0;GiuseppeW11;0;0
1,67361E+12;768;HTTP Request1_large;200;OK;Thread Group 3-22;bin;true;;10486053;133;25;25;http://192.168.56.4/large/test_1.jpg;;19;ISO-8859-1;1;0;GiuseppeW11;0;0
1,67361E+12;922;HTTP Request1_large;200;OK;Thread Group 3-19;bin;true;;10486053;133;25;25;http://192.168.56.4/large/test_1.jpg;;12;ISO-8859-1;1;0;GiuseppeW11;0;0
1,67361E+12;694;HTTP Request1_large;200;OK;Thread Group 3-23;bin;true;;10486053;133;25;25;http://192.168.56.4/large/test_1.jpg;;15;ISO-8859-1;1;0;GiuseppeW11;0;0
1,67361E+12;719;HTTP Request4_large;200;OK;Thread Group 3-25;bin;true;;10486053;133;25;25;http://192.168.56.4/large/test_4.jpg;;17;ISO-8859-1;1;0;GiuseppeW11;0;0
1,67361E+12;881;HTTP Request4_large;200;OK;Thread Group 3-21;bin;true;;10486053;133;25;25;http://192.168.56.4/large/test_4.jpg;;25;ISO-8859-1;1;0;GiuseppeW11;0;0
1,67361E+12;1137;HTTP Request3_large;200;OK;Thread Group 3-17;bin;true;;10486053;133;25;25;http://192.168.56.4/large/test_3.jpg;;11;ISO-8859-1;1;0;GiuseppeW11;0;0
1,67361E+12;222;HTTP Request3_large;200;OK;Thread Group 3-1;bin;true;;10486053;133;25;25;http://192.168.56.4/large/test_3.jpg;;15;ISO-8859-1;1;0;GiuseppeW11;0;0
1,67361E+12;1109;HTTP Request4_large;200;OK;Thread Group 3-18;bin;true;;10486053;133;25;25;http://192.168.56.4/large/test_4.jpg;;24;ISO-8859-1;1;0;GiuseppeW11;0;0
1,67361E+12;1085;HTTP Request1_large;200;OK;Thread Group 3-20;bin;true;;10486053;133;25;25;http://192.168.56.4/large/test_1.jpg;;5;ISO-8859-1;1;0;GiuseppeW11;0;0
1,67361E+12;908;HTTP Request3_large;200;OK;Thread Group 3-24;bin;true;;10486053;133;25;25;http://192.168.56.4/large/test_3.jpg;;19;ISO-8859-1;1;0;GiuseppeW11;0;0
1,67361E+12;1379;HTTP Request4_large;200;OK;Thread Group 3-14;bin;true;;10486053;133;25;25;http://192.168.56.4/large/test_4.jpg;;5;ISO-8859-1;1;0;GiuseppeW11;0;0
1,67361E+12;1311;HTTP Request1_large;200;OK;Thread Group 3-16;bin;true;;10486053;133;25;25;http://192.168.56.4/large/test_1.jpg;;5;ISO-8859-1;1;0;GiuseppeW11;0;0
1,67361E+12;1612;HTTP Request3_large;200;OK;Thread Group 3-9;bin;true;;10486053;133;25;25;http://192.168.56.4/large/test_3.jpg;;24;ISO-8859-1;1;0;GiuseppeW11;0;0
1,67361E+12;1578;HTTP Request4_large;200;OK;Thread Group 3-10;bin;true;;10486053;133;25;25;http://192.168.56.4/large/test_4.jpg;;4;ISO-8859-1;1;0;GiuseppeW11;0;0
1,67361E+12;1386;HTTP Request2_large;200;OK;Thread Group 3-15;bin;true;;10486053;133;25;25;http://192.168.56.4/large/test_2.jpg;;5;ISO-8859-1;1;0;GiuseppeW11;0;0
1,67361E+12;1466;HTTP Request4_large;200;OK;Thread Group 3-13;bin;true;;10486053;133;25;25;http://192.168.56.4/large/test_4.jpg;;5;ISO-8859-1;1;0;GiuseppeW11;0;0
1,67361E+12;71;HTTP Request4_large;200;OK;Thread Group 3-2;bin;true;;10486053;133;25;25;http://192.168.56.4/large/test_4.jpg;;1;ISO-8859-1;1;0;GiuseppeW11;0;0
1,67361E+12;74;HTTP Request1_large;200;OK;Thread Group 3-5;bin;true;;10486053;133;25;25;http://192.168.56.4/large/test_1.jpg;;3;ISO-8859-1;1;0;GiuseppeW11;0;0
1,67361E+12;105;HTTP Request2_large;200;OK;Thread Group 3-3;bin;true;;10486053;133;25;25;http://192.168.56.4/large/test_2.jpg;;3;ISO-8859-1;1;0;GiuseppeW11;0;0
1,67361E+12;94;HTTP Request3_large;200;OK;Thread Group 3-4;bin;true;;10486053;133;25;25;http://192.168.56.4/large/test_3.jpg;;2;ISO-8859-1;1;0;GiuseppeW11;0;0
1,67361E+12;210;HTTP Request3_large;200;OK;Thread Group 3-6;bin;true;;10486053;133;25;25;http://192.168.56.4/large/test_3.jpg;;2;ISO-8859-1;1;0;GiuseppeW11;0;0
1,67361E+12;259;HTTP Request3_large;200;OK;Thread Group 3-7;bin;true;;10486053;133;25;25;http://192.168.56.4/large/test_3.jpg;;4;ISO-8859-1;1;0;GiuseppeW11;0;0
1,67361E+12;302;HTTP Request1_large;200;OK;Thread Group 3-10;bin;true;;10486053;133;25;25;http://192.168.56.4/large/test_1.jpg;;3;ISO-8859-1;1;0;GiuseppeW11;0;0
1,67361E+12;358;HTTP Request1_large;200;OK;Thread Group 3-9;bin;true;;10486053;133;25;25;http://192.168.56.4/large/test_1.jpg;;9;ISO-8859-1;1;0;GiuseppeW11;0;0
1,67361E+12;345;HTTP Request3_large;200;OK;Thread Group 3-11;bin;true;;10486053;133;25;25;http://192.168.56.4/large/test_3.jpg;;4;ISO-8859-1;1;0;GiuseppeW11;0;0
1,67361E+12;599;HTTP Request4_large;200;OK;Thread Group 3-8;bin;true;;10486053;133;25;25;http://192.168.56.4/large/test_4.jpg;;4;ISO-8859-1;1;0;GiuseppeW11;0;0
1,67361E+12;401;HTTP Request1_large;200;OK;Thread Group 3-13;bin;true;;10486053;133;25;25;http://192.168.56.4/large/test_1.jpg;;3;ISO-8859-1;1;0;GiuseppeW11;0;0
1,67361E+12;424;HTTP Request3_large;200;OK;Thread Group 3-14;bin;true;;10486053;133;25;25;http://192.168.56.4/large/test_3.jpg;;2;ISO-8859-1;1;0;GiuseppeW11;0;0
1,67361E+12;414;HTTP Request3_large;200;OK;Thread Group 3-15;bin;true;;10486053;133;25;25;http://192.168.56.4/large/test_3.jpg;;4;ISO-8859-1;1;0;GiuseppeW11;0;0
1,67361E+12;544;HTTP Request3_large;200;OK;Thread Group 3-12;bin;true;;10486053;133;25;25;http://192.168.56.4/large/test_3.jpg;;3;ISO-8859-1;1;0;GiuseppeW11;0;0
1,67361E+12;458;HTTP Request1_large;200;OK;Thread Group 3-16;bin;true;;10486053;133;25;25;http://192.168.56.4/large/test_1.jpg;;5;ISO-8859-1;1;0;GiuseppeW11;0;0
1,67361E+12;452;HTTP Request1_large;200;OK;Thread Group 3-17;bin;true;;10486053;133;25;25;http://192.168.56.4/large/test_1.jpg;;6;ISO-8859-1;1;0;GiuseppeW11;0;0
1,67361E+12;270;HTTP Request4_large;200;OK;Thread Group 3-22;bin;true;;10486053;133;25;25;http://192.168.56.4/large/test_4.jpg;;9;ISO-8859-1;1;0;GiuseppeW11;0;0
1,67361E+12;330;HTTP Request3_large;200;OK;Thread Group 3-21;bin;true;;10486053;133;25;25;http://192.168.56.4/large/test_3.jpg;;9;ISO-8859-1;1;0;GiuseppeW11;0;0
1,67361E+12;345;HTTP Request2_large;200;OK;Thread Group 3-20;bin;true;;10486053;133;25;25;http://192.168.56.4/large/test_2.jpg;;9;ISO-8859-1;1;0;GiuseppeW11;0;0
1,67361E+12;492;HTTP Request2_large;200;OK;Thread Group 3-18;bin;true;;10486053;133;25;25;http://192.168.56.4/large/test_2.jpg;;2;ISO-8859-1;1;0;GiuseppeW11;0;0
1,67361E+12;459;HTTP Request4_large;200;OK;Thread Group 3-19;bin;true;;10486053;133;25;25;http://192.168.56.4/large/test_4.jpg;;3;ISO-8859-1;1;0;GiuseppeW11;0;0
1,67361E+12;248;HTTP Request1_large;200;OK;Thread Group 3-23;bin;true;;10486053;133;25;25;http://192.168.56.4/large/test_1.jpg;;14;ISO-8859-1;1;0;GiuseppeW11;0;0
1,67361E+12;258;HTTP Request3_large;200;OK;Thread Group 3-24;bin;true;;10486053;133;25;25;http://192.168.56.4/large/test_3.jpg;;4;ISO-8859-1;1;0;GiuseppeW11;0;0
1,67361E+12;267;HTTP Request1_large;200;OK;Thread Group 3-25;bin;true;;10486053;133;25;25;http://192.168.56.4/large/test_1.jpg;;4;ISO-8859-1;1;0;GiuseppeW11;0;0
1,67361E+12;89;HTTP Request2_large;200;OK;Thread Group 3-1;bin;true;;10486053;133;25;25;http://192.168.56.4/large/test_2.jpg;;2;ISO-8859-1;1;0;GiuseppeW11;0;0
1,67361E+12;99;HTTP Request1_large;200;OK;Thread Group 3-5;bin;true;;10486053;133;25;25;http://192.168.56.4/large/test_1.jpg;;2;ISO-8859-1;1;0;GiuseppeW11;0;0
1,67361E+12;102;HTTP Request2_large;200;OK;Thread Group 3-2;bin;true;;10486053;133;25;25;http://192.168.56.4/large/test_2.jpg;;2;ISO-8859-1;1;0;GiuseppeW11;0;0
1,67361E+12;71;HTTP Request1_large;200;OK;Thread Group 3-3;bin;true;;10486053;133;25;25;http://192.168.56.4/large/test_1.jpg;;3;ISO-8859-1;1;0;GiuseppeW11;0;0
1,67361E+12;127;HTTP Request4_large;200;OK;Thread Group 3-4;bin;true;;10486053;133;25;25;http://192.168.56.4/large/test_4.jpg;;2;ISO-8859-1;1;0;GiuseppeW11;0;0
1,67361E+12;233;HTTP Request3_large;200;OK;Thread Group 3-6;bin;true;;10486053;133;25;25;http://192.168.56.4/large/test_3.jpg;;3;ISO-8859-1;1;0;GiuseppeW11;0;0
1,67361E+12;264;HTTP Request3_large;200;OK;Thread Group 3-7;bin;true;;10486053;133;25;25;http://192.168.56.4/large/test_3.jpg;;6;ISO-8859-1;1;0;GiuseppeW11;0;0
1,67361E+12;207;HTTP Request3_large;200;OK;Thread Group 3-10;bin;true;;10486053;133;25;25;http://192.168.56.4/large/test_3.jpg;;6;ISO-8859-1;1;0;GiuseppeW11;0;0
1,67361E+12;234;HTTP Request1_large;200;OK;Thread Group 3-9;bin;true;;10486053;133;25;25;http://192.168.56.4/large/test_1.jpg;;5;ISO-8859-1;1;0;GiuseppeW11;0;0
1,67361E+12;216;HTTP Request4_large;200;OK;Thread Group 3-11;bin;true;;10486053;133;25;25;http://192.168.56.4/large/test_4.jpg;;14;ISO-8859-1;1;0;GiuseppeW11;0;0
1,67361E+12;259;HTTP Request2_large;200;OK;Thread Group 3-8;bin;true;;10486053;133;25;25;http://192.168.56.4/large/test_2.jpg;;7;ISO-8859-1;1;0;GiuseppeW11;0;0
1,67361E+12;260;HTTP Request4_large;200;OK;Thread Group 3-12;bin;true;;10486053;133;25;25;http://192.168.56.4/large/test_4.jpg;;5;ISO-8859-1;1;0;GiuseppeW11;0;0
1,67361E+12;225;HTTP Request1_large;200;OK;Thread Group 3-13;bin;true;;10486053;133;25;25;http://192.168.56.4/large/test_1.jpg;;5;ISO-8859-1;1;0;GiuseppeW11;0;0
1,67361E+12;234;HTTP Request1_large;200;OK;Thread Group 3-14;bin;true;;10486053;133;25;25;http://192.168.56.4/large/test_1.jpg;;5;ISO-8859-1;1;0;GiuseppeW11;0;0
1,67361E+12;206;HTTP Request2_large;200;OK;Thread Group 3-15;bin;true;;10486053;133;25;25;http://192.168.56.4/large/test_2.jpg;;5;ISO-8859-1;1;0;GiuseppeW11;0;0
1,67361E+12;193;HTTP Request4_large;200;OK;Thread Group 3-16;bin;true;;10486053;133;25;25;http://192.168.56.4/large/test_4.jpg;;5;ISO-8859-1;1;0;GiuseppeW11;0;0
1,67361E+12;177;HTTP Request4_large;200;OK;Thread Group 3-17;bin;true;;10486053;133;25;25;http://192.168.56.4/large/test_4.jpg;;3;ISO-8859-1;1;0;GiuseppeW11;0;0
1,67361E+12;187;HTTP Request1_large;200;OK;Thread Group 3-18;bin;true;;10486053;133;25;25;http://192.168.56.4/large/test_1.jpg;;3;ISO-8859-1;1;0;GiuseppeW11;0;0
1,67361E+12;169;HTTP Request2_large;200;OK;Thread Group 3-19;bin;true;;10486053;133;25;25;http://192.168.56.4/large/test_2.jpg;;2;ISO-8859-1;1;0;GiuseppeW11;0;0
1,67361E+12;150;HTTP Request4_large;200;OK;Thread Group 3-20;bin;true;;10486053;133;25;25;http://192.168.56.4/large/test_4.jpg;;3;ISO-8859-1;1;0;GiuseppeW11;0;0
1,67361E+12;102;HTTP Request2_large;200;OK;Thread Group 3-22;bin;true;;10486053;133;25;25;http://192.168.56.4/large/test_2.jpg;;2;ISO-8859-1;1;0;GiuseppeW11;0;0
1,67361E+12;143;HTTP Request4_large;200;OK;Thread Group 3-21;bin;true;;10486053;133;25;25;http://192.168.56.4/large/test_4.jpg;;1;ISO-8859-1;1;0;GiuseppeW11;0;0
1,67361E+12;129;HTTP Request3_large;200;OK;Thread Group 3-25;bin;true;;10486053;133;25;25;http://192.168.56.4/large/test_3.jpg;;3;ISO-8859-1;1;0;GiuseppeW11;0;0
1,67361E+12;135;HTTP Request3_large;200;OK;Thread Group 3-23;bin;true;;10486053;133;25;25;http://192.168.56.4/large/test_3.jpg;;3;ISO-8859-1;1;0;GiuseppeW11;0;0
1,67361E+12;147;HTTP Request1_large;200;OK;Thread Group 3-24;bin;true;;10486053;133;25;25;http://192.168.56.4/large/test_1.jpg;;4;ISO-8859-1;1;0;GiuseppeW11;0;0
1,67361E+12;119;HTTP Request3_large;200;OK;Thread Group 3-1;bin;true;;10486053;133;25;25;http://192.168.56.4/large/test_3.jpg;;3;ISO-8859-1;1;0;GiuseppeW11;0;0
1,67361E+12;228;HTTP Request2_large;200;OK;Thread Group 3-2;bin;true;;10486053;133;25;25;http://192.168.56.4/large/test_2.jpg;;3;ISO-8859-1;1;0;GiuseppeW11;0;0
1,67361E+12;230;HTTP Request4_large;200;OK;Thread Group 3-5;bin;true;;10486053;133;25;25;http://192.168.56.4/large/test_4.jpg;;2;ISO-8859-1;1;0;GiuseppeW11;0;0
1,67361E+12;107;HTTP Request4_large;200;OK;Thread Group 3-3;bin;true;;10486053;133;25;25;http://192.168.56.4/large/test_4.jpg;;2;ISO-8859-1;1;0;GiuseppeW11;0;0
1,67361E+12;142;HTTP Request3_large;200;OK;Thread Group 3-4;bin;true;;10486053;133;25;25;http://192.168.56.4/large/test_3.jpg;;2;ISO-8859-1;1;0;GiuseppeW11;0;0
1,67361E+12;85;HTTP Request3_large;200;OK;Thread Group 3-6;bin;true;;10486053;133;25;25;http://192.168.56.4/large/test_3.jpg;;3;ISO-8859-1;1;0;GiuseppeW11;0;0
1,67361E+12;83;HTTP Request4_large;200;OK;Thread Group 3-7;bin;true;;10486053;133;25;25;http://192.168.56.4/large/test_4.jpg;;1;ISO-8859-1;1;0;GiuseppeW11;0;0
1,67361E+12;69;HTTP Request1_large;200;OK;Thread Group 3-8;bin;true;;10486053;133;25;25;http://192.168.56.4/large/test_1.jpg;;3;ISO-8859-1;1;0;GiuseppeW11;0;0
1,67361E+12;83;HTTP Request1_large;200;OK;Thread Group 3-9;bin;true;;10486053;133;25;25;http://192.168.56.4/large/test_1.jpg;;4;ISO-8859-1;1;0;GiuseppeW11;0;0
1,67361E+12;80;HTTP Request3_large;200;OK;Thread Group 3-10;bin;true;;10486053;133;25;25;http://192.168.56.4/large/test_3.jpg;;2;ISO-8859-1;1;0;GiuseppeW11;0;0
1,67361E+12;80;HTTP Request2_large;200;OK;Thread Group 3-11;bin;true;;10486053;133;25;25;http://192.168.56.4/large/test_2.jpg;;2;ISO-8859-1;1;0;GiuseppeW11;0;0
1,67361E+12;73;HTTP Request1_large;200;OK;Thread Group 3-12;bin;true;;10486053;133;25;25;http://192.168.56.4/large/test_1.jpg;;3;ISO-8859-1;1;0;GiuseppeW11;0;0
1,67361E+12;61;HTTP Request3_large;200;OK;Thread Group 3-13;bin;true;;10486053;133;25;25;http://192.168.56.4/large/test_3.jpg;;1;ISO-8859-1;1;0;GiuseppeW11;0;0
1,67361E+12;59;HTTP Request2_large;200;OK;Thread Group 3-14;bin;true;;10486053;133;25;25;http://192.168.56.4/large/test_2.jpg;;2;ISO-8859-1;1;0;GiuseppeW11;0;0
1,67361E+12;100;HTTP Request3_large;200;OK;Thread Group 3-15;bin;true;;10486053;133;25;25;http://192.168.56.4/large/test_3.jpg;;1;ISO-8859-1;1;0;GiuseppeW11;0;0
1,67361E+12;147;HTTP Request3_large;200;OK;Thread Group 3-16;bin;true;;10486053;133;25;25;http://192.168.56.4/large/test_3.jpg;;4;ISO-8859-1;1;0;GiuseppeW11;0;0
1,67361E+12;108;HTTP Request1_large;200;OK;Thread Group 3-17;bin;true;;10486053;133;25;25;http://192.168.56.4/large/test_1.jpg;;2;ISO-8859-1;1;0;GiuseppeW11;0;0
1,67361E+12;113;HTTP Request2_large;200;OK;Thread Group 3-18;bin;true;;10486053;133;25;25;http://192.168.56.4/large/test_2.jpg;;3;ISO-8859-1;1;0;GiuseppeW11;0;0
1,67361E+12;116;HTTP Request2_large;200;OK;Thread Group 3-19;bin;true;;10486053;133;25;25;http://192.168.56.4/large/test_2.jpg;;2;ISO-8859-1;1;0;GiuseppeW11;0;0
1,67361E+12;88;HTTP Request1_large;200;OK;Thread Group 3-20;bin;true;;10486053;133;25;25;http://192.168.56.4/large/test_1.jpg;;4;ISO-8859-1;1;0;GiuseppeW11;0;0
1,67361E+12;83;HTTP Request1_large;200;OK;Thread Group 3-21;bin;true;;10486053;133;25;25;http://192.168.56.4/large/test_1.jpg;;2;ISO-8859-1;1;0;GiuseppeW11;0;0
1,67361E+12;64;HTTP Request3_large;200;OK;Thread Group 3-22;bin;true;;10486053;133;25;25;http://192.168.56.4/large/test_3.jpg;;1;ISO-8859-1;1;0;GiuseppeW11;0;0
1,67361E+12;135;HTTP Request3_large;200;OK;Thread Group 3-23;bin;true;;10486053;133;25;25;http://192.168.56.4/large/test_3.jpg;;4;ISO-8859-1;1;0;GiuseppeW11;0;0
1,67361E+12;144;HTTP Request1_large;200;OK;Thread Group 3-24;bin;true;;10486053;133;25;25;http://192.168.56.4/large/test_1.jpg;;6;ISO-8859-1;1;0;GiuseppeW11;0;0
1,67361E+12;147;HTTP Request4_large;200;OK;Thread Group 3-25;bin;true;;10486053;133;25;25;http://192.168.56.4/large/test_4.jpg;;4;ISO-8859-1;1;0;GiuseppeW11;0;0
1,67361E+12;171;HTTP Request3_large;200;OK;Thread Group 3-1;bin;true;;10486053;133;25;25;http://192.168.56.4/large/test_3.jpg;;3;ISO-8859-1;1;0;GiuseppeW11;0;0
1,67361E+12;230;HTTP Request4_large;200;OK;Thread Group 3-5;bin;true;;10486053;133;25;25;http://192.168.56.4/large/test_4.jpg;;3;ISO-8859-1;1;0;GiuseppeW11;0;0
1,67361E+12;237;HTTP Request4_large;200;OK;Thread Group 3-2;bin;true;;10486053;133;25;25;http://192.168.56.4/large/test_4.jpg;;4;ISO-8859-1;1;0;GiuseppeW11;0;0
1,67361E+12;89;HTTP Request3_large;200;OK;Thread Group 3-3;bin;true;;10486053;133;25;25;http://192.168.56.4/large/test_3.jpg;;6;ISO-8859-1;1;0;GiuseppeW11;0;0
1,67361E+12;62;HTTP Request2_large;200;OK;Thread Group 3-4;bin;true;;10486053;133;25;25;http://192.168.56.4/large/test_2.jpg;;2;ISO-8859-1;1;0;GiuseppeW11;0;0
1,67361E+12;103;HTTP Request1_large;200;OK;Thread Group 3-6;bin;true;;10486053;133;25;25;http://192.168.56.4/large/test_1.jpg;;4;ISO-8859-1;1;0;GiuseppeW11;0;0
1,67361E+12;89;HTTP Request3_large;200;OK;Thread Group 3-7;bin;true;;10486053;133;25;25;http://192.168.56.4/large/test_3.jpg;;7;ISO-8859-1;1;0;GiuseppeW11;0;0
1,67361E+12;138;HTTP Request1_large;200;OK;Thread Group 3-8;bin;true;;10486053;133;25;25;http://192.168.56.4/large/test_1.jpg;;6;ISO-8859-1;1;0;GiuseppeW11;0;0
1,67361E+12;172;HTTP Request1_large;200;OK;Thread Group 3-9;bin;true;;10486053;133;25;25;http://192.168.56.4/large/test_1.jpg;;2;ISO-8859-1;1;0;GiuseppeW11;0;0
1,67361E+12;159;HTTP Request1_large;200;OK;Thread Group 3-10;bin;true;;10486053;133;25;25;http://192.168.56.4/large/test_1.jpg;;6;ISO-8859-1;1;0;GiuseppeW11;0;0
1,67361E+12;150;HTTP Request4_large;200;OK;Thread Group 3-11;bin;true;;10486053;133;25;25;http://192.168.56.4/large/test_4.jpg;;2;ISO-8859-1;1;0;GiuseppeW11;0;0
1,67361E+12;168;HTTP Request4_large;200;OK;Thread Group 3-12;bin;true;;10486053;133;25;25;http://192.168.56.4/large/test_4.jpg;;3;ISO-8859-1;1;0;GiuseppeW11;0;0
1,67361E+12;149;HTTP Request1_large;200;OK;Thread Group 3-13;bin;true;;10486053;133;25;25;http://192.168.56.4/large/test_1.jpg;;4;ISO-8859-1;1;0;GiuseppeW11;0;0
1,67361E+12;150;HTTP Request2_large;200;OK;Thread Group 3-14;bin;true;;10486053;133;25;25;http://192.168.56.4/large/test_2.jpg;;9;ISO-8859-1;1;0;GiuseppeW11;0;0
1,67361E+12;132;HTTP Request2_large;200;OK;Thread Group 3-15;bin;true;;10486053;133;25;25;http://192.168.56.4/large/test_2.jpg;;9;ISO-8859-1;1;0;GiuseppeW11;0;0
1,67361E+12;130;HTTP Request2_large;200;OK;Thread Group 3-16;bin;true;;10486053;133;25;25;http://192.168.56.4/large/test_2.jpg;;5;ISO-8859-1;1;0;GiuseppeW11;0;0
1,67361E+12;117;HTTP Request4_large;200;OK;Thread Group 3-17;bin;true;;10486053;133;25;25;http://192.168.56.4/large/test_4.jpg;;2;ISO-8859-1;1;0;GiuseppeW11;0;0
1,67361E+12;119;HTTP Request3_large;200;OK;Thread Group 3-18;bin;true;;10486053;133;25;25;http://192.168.56.4/large/test_3.jpg;;3;ISO-8859-1;1;0;GiuseppeW11;0;0
1,67361E+12;107;HTTP Request4_large;200;OK;Thread Group 3-19;bin;true;;10486053;133;25;25;http://192.168.56.4/large/test_4.jpg;;1;ISO-8859-1;1;0;GiuseppeW11;0;0
1,67361E+12;110;HTTP Request3_large;200;OK;Thread Group 3-20;bin;true;;10486053;133;25;25;http://192.168.56.4/large/test_3.jpg;;2;ISO-8859-1;1;0;GiuseppeW11;0;0
1,67361E+12;80;HTTP Request2_large;200;OK;Thread Group 3-21;bin;true;;10486053;133;25;25;http://192.168.56.4/large/test_2.jpg;;2;ISO-8859-1;1;0;GiuseppeW11;0;0
1,67361E+12;67;HTTP Request2_large;200;OK;Thread Group 3-22;bin;true;;10486053;133;25;25;http://192.168.56.4/large/test_2.jpg;;9;ISO-8859-1;1;0;GiuseppeW11;0;0
1,67361E+12;112;HTTP Request3_large;200;OK;Thread Group 3-23;bin;true;;10486053;133;25;25;http://192.168.56.4/large/test_3.jpg;;4;ISO-8859-1;1;0;GiuseppeW11;0;0
1,67361E+12;115;HTTP Request3_large;200;OK;Thread Group 3-24;bin;true;;10486053;133;25;25;http://192.168.56.4/large/test_3.jpg;;3;ISO-8859-1;1;0;GiuseppeW11;0;0
1,67361E+12;120;HTTP Request1_large;200;OK;Thread Group 3-25;bin;true;;10486053;133;25;25;http://192.168.56.4/large/test_1.jpg;;4;ISO-8859-1;1;0;GiuseppeW11;0;0
1,67361E+12;90;HTTP Request2_large;200;OK;Thread Group 3-1;bin;true;;10486053;133;25;25;http://192.168.56.4/large/test_2.jpg;;2;ISO-8859-1;1;0;GiuseppeW11;0;0
1,67361E+12;129;HTTP Request1_large;200;OK;Thread Group 3-2;bin;true;;10486053;133;25;25;http://192.168.56.4/large/test_1.jpg;;3;ISO-8859-1;1;0;GiuseppeW11;0;0
1,67361E+12;129;HTTP Request2_large;200;OK;Thread Group 3-5;bin;true;;10486053;133;25;25;http://192.168.56.4/large/test_2.jpg;;5;ISO-8859-1;1;0;GiuseppeW11;0;0
1,67361E+12;90;HTTP Request4_large;200;OK;Thread Group 3-3;bin;true;;10486053;133;25;25;http://192.168.56.4/large/test_4.jpg;;2;ISO-8859-1;1;0;GiuseppeW11;0;0
1,67361E+12;92;HTTP Request1_large;200;OK;Thread Group 3-4;bin;true;;10486053;133;25;25;http://192.168.56.4/large/test_1.jpg;;4;ISO-8859-1;1;0;GiuseppeW11;0;0
1,67361E+12;83;HTTP Request3_large;200;OK;Thread Group 3-6;bin;true;;10486053;133;25;25;http://192.168.56.4/large/test_3.jpg;;2;ISO-8859-1;1;0;GiuseppeW11;0;0
1,67361E+12;88;HTTP Request1_large;200;OK;Thread Group 3-7;bin;true;;10486053;133;25;25;http://192.168.56.4/large/test_1.jpg;;2;ISO-8859-1;1;0;GiuseppeW11;0;0
1,67361E+12;80;HTTP Request1_large;200;OK;Thread Group 3-8;bin;true;;10486053;133;25;25;http://192.168.56.4/large/test_1.jpg;;3;ISO-8859-1;1;0;GiuseppeW11;0;0
1,67361E+12;71;HTTP Request1_large;200;OK;Thread Group 3-9;bin;true;;10486053;133;25;25;http://192.168.56.4/large/test_1.jpg;;2;ISO-8859-1;1;0;GiuseppeW11;0;0
1,67361E+12;58;HTTP Request1_large;200;OK;Thread Group 3-10;bin;true;;10486053;133;25;25;http://192.168.56.4/large/test_1.jpg;;2;ISO-8859-1;1;0;GiuseppeW11;0;0
1,67361E+12;55;HTTP Request1_large;200;OK;Thread Group 3-11;bin;true;;10486053;133;25;25;http://192.168.56.4/large/test_1.jpg;;2;ISO-8859-1;1;0;GiuseppeW11;0;0
1,67361E+12;55;HTTP Request1_large;200;OK;Thread Group 3-12;bin;true;;10486053;133;25;25;http://192.168.56.4/large/test_1.jpg;;1;ISO-8859-1;1;0;GiuseppeW11;0;0
1,67361E+12;65;HTTP Request1_large;200;OK;Thread Group 3-13;bin;true;;10486053;133;25;25;http://192.168.56.4/large/test_1.jpg;;4;ISO-8859-1;1;0;GiuseppeW11;0;0
1,67361E+12;77;HTTP Request4_large;200;OK;Thread Group 3-14;bin;true;;10486053;133;25;25;http://192.168.56.4/large/test_4.jpg;;3;ISO-8859-1;1;0;GiuseppeW11;0;0
1,67361E+12;74;HTTP Request4_large;200;OK;Thread Group 3-15;bin;true;;10486053;133;25;25;http://192.168.56.4/large/test_4.jpg;;2;ISO-8859-1;1;0;GiuseppeW11;0;0
1,67361E+12;75;HTTP Request4_large;200;OK;Thread Group 3-16;bin;true;;10486053;133;25;25;http://192.168.56.4/large/test_4.jpg;;3;ISO-8859-1;1;0;GiuseppeW11;0;0
1,67361E+12;75;HTTP Request1_large;200;OK;Thread Group 3-17;bin;true;;10486053;133;25;25;http://192.168.56.4/large/test_1.jpg;;1;ISO-8859-1;1;0;GiuseppeW11;0;0
1,67361E+12;128;HTTP Request3_large;200;OK;Thread Group 3-18;bin;true;;10486053;133;25;25;http://192.168.56.4/large/test_3.jpg;;3;ISO-8859-1;1;0;GiuseppeW11;0;0
1,67361E+12;138;HTTP Request3_large;200;OK;Thread Group 3-19;bin;true;;10486053;133;25;25;http://192.168.56.4/large/test_3.jpg;;2;ISO-8859-1;1;0;GiuseppeW11;0;0
1,67361E+12;94;HTTP Request1_large;200;OK;Thread Group 3-21;bin;true;;10486053;133;25;25;http://192.168.56.4/large/test_1.jpg;;3;ISO-8859-1;1;0;GiuseppeW11;0;0
1,67361E+12;123;HTTP Request4_large;200;OK;Thread Group 3-20;bin;true;;10486053;133;25;25;http://192.168.56.4/large/test_4.jpg;;7;ISO-8859-1;1;0;GiuseppeW11;0;0
1,67361E+12;90;HTTP Request1_large;200;OK;Thread Group 3-22;bin;true;;10486053;133;25;25;http://192.168.56.4/large/test_1.jpg;;4;ISO-8859-1;1;0;GiuseppeW11;0;0
1,67361E+12;125;HTTP Request2_large;200;OK;Thread Group 3-24;bin;true;;10486053;133;25;25;http://192.168.56.4/large/test_2.jpg;;3;ISO-8859-1;1;0;GiuseppeW11;0;0
1,67361E+12;143;HTTP Request4_large;200;OK;Thread Group 3-23;bin;true;;10486053;133;25;25;http://192.168.56.4/large/test_4.jpg;;3;ISO-8859-1;1;0;GiuseppeW11;0;0
1,67361E+12;143;HTTP Request3_large;200;OK;Thread Group 3-25;bin;true;;10486053;133;25;25;http://192.168.56.4/large/test_3.jpg;;6;ISO-8859-1;1;0;GiuseppeW11;0;0
1,67361E+12;87;HTTP Request1_large;200;OK;Thread Group 3-1;bin;true;;10486053;133;25;25;http://192.168.56.4/large/test_1.jpg;;2;ISO-8859-1;1;0;GiuseppeW11;0;0
1,67361E+12;101;HTTP Request3_large;200;OK;Thread Group 3-5;bin;true;;10486053;133;25;25;http://192.168.56.4/large/test_3.jpg;;1;ISO-8859-1;1;0;GiuseppeW11;0;0
1,67361E+12;108;HTTP Request1_large;200;OK;Thread Group 3-2;bin;true;;10486053;133;25;25;http://192.168.56.4/large/test_1.jpg;;2;ISO-8859-1;1;0;GiuseppeW11;0;0
1,67361E+12;130;HTTP Request1_large;200;OK;Thread Group 3-3;bin;true;;10486053;133;25;25;http://192.168.56.4/large/test_1.jpg;;5;ISO-8859-1;1;0;GiuseppeW11;0;0
1,67361E+12;120;HTTP Request3_large;200;OK;Thread Group 3-4;bin;true;;10486053;133;25;25;http://192.168.56.4/large/test_3.jpg;;4;ISO-8859-1;1;0;GiuseppeW11;0;0
1,67361E+12;148;HTTP Request1_large;200;OK;Thread Group 3-6;bin;true;;10486053;133;25;25;http://192.168.56.4/large/test_1.jpg;;5;ISO-8859-1;1;0;GiuseppeW11;0;0
1,67361E+12;218;HTTP Request2_large;200;OK;Thread Group 3-7;bin;true;;10486053;133;25;25;http://192.168.56.4/large/test_2.jpg;;3;ISO-8859-1;1;0;GiuseppeW11;0;0
1,67361E+12;200;HTTP Request2_large;200;OK;Thread Group 3-8;bin;true;;10486053;133;25;25;http://192.168.56.4/large/test_2.jpg;;6;ISO-8859-1;1;0;GiuseppeW11;0;0
1,67361E+12;225;HTTP Request3_large;200;OK;Thread Group 3-9;bin;true;;10486053;133;25;25;http://192.168.56.4/large/test_3.jpg;;7;ISO-8859-1;1;0;GiuseppeW11;0;0
1,67361E+12;330;HTTP Request1_large;200;OK;Thread Group 3-10;bin;true;;10486053;133;25;25;http://192.168.56.4/large/test_1.jpg;;4;ISO-8859-1;1;0;GiuseppeW11;0;0
1,67361E+12;561;HTTP Request1_large;200;OK;Thread Group 3-12;bin;true;;10486053;133;25;25;http://192.168.56.4/large/test_1.jpg;;6;ISO-8859-1;1;0;GiuseppeW11;0;0
1,67361E+12;782;HTTP Request3_large;200;OK;Thread Group 3-11;bin;true;;10486053;133;25;25;http://192.168.56.4/large/test_3.jpg;;3;ISO-8859-1;1;0;GiuseppeW11;0;0
1,67361E+12;539;HTTP Request3_large;200;OK;Thread Group 3-19;bin;true;;10486053;133;25;25;http://192.168.56.4/large/test_3.jpg;;4;ISO-8859-1;1;0;GiuseppeW11;0;0
1,67361E+12;516;HTTP Request4_large;200;OK;Thread Group 3-20;bin;true;;10486053;133;25;25;http://192.168.56.4/large/test_4.jpg;;6;ISO-8859-1;1;0;GiuseppeW11;0;0
1,67361E+12;323;HTTP Request3_large;200;OK;Thread Group 3-23;bin;true;;10486053;133;25;25;http://192.168.56.4/large/test_3.jpg;;8;ISO-8859-1;1;0;GiuseppeW11;0;0
1,67361E+12;379;HTTP Request1_large;200;OK;Thread Group 3-25;bin;true;;10486053;133;25;25;http://192.168.56.4/large/test_1.jpg;;8;ISO-8859-1;1;0;GiuseppeW11;0;0
1,67361E+12;389;HTTP Request1_large;200;OK;Thread Group 3-24;bin;true;;10486053;133;25;25;http://192.168.56.4/large/test_1.jpg;;9;ISO-8859-1;1;0;GiuseppeW11;0;0
1,67361E+12;574;HTTP Request2_large;200;OK;Thread Group 3-21;bin;true;;10486053;133;25;25;http://192.168.56.4/large/test_2.jpg;;8;ISO-8859-1;1;0;GiuseppeW11;0;0
1,67361E+12;897;HTTP Request3_large;200;OK;Thread Group 3-13;bin;true;;10486053;133;25;25;http://192.168.56.4/large/test_3.jpg;;3;ISO-8859-1;1;0;GiuseppeW11;0;0
1,67361E+12;570;HTTP Request4_large;200;OK;Thread Group 3-22;bin;true;;10486053;133;25;25;http://192.168.56.4/large/test_4.jpg;;10;ISO-8859-1;1;0;GiuseppeW11;0;0
1,67361E+12;747;HTTP Request1_large;200;OK;Thread Group 3-15;bin;true;;10486053;133;25;25;http://192.168.56.4/large/test_1.jpg;;3;ISO-8859-1;1;0;GiuseppeW11;0;0
1,67361E+12;930;HTTP Request3_large;200;OK;Thread Group 3-14;bin;true;;10486053;133;25;25;http://192.168.56.4/large/test_3.jpg;;6;ISO-8859-1;1;0;GiuseppeW11;0;0
1,67361E+12;780;HTTP Request3_large;200;OK;Thread Group 3-17;bin;true;;10486053;133;25;25;http://192.168.56.4/large/test_3.jpg;;4;ISO-8859-1;1;0;GiuseppeW11;0;0
1,67361E+12;784;HTTP Request1_large;200;OK;Thread Group 3-16;bin;true;;10486053;133;25;25;http://192.168.56.4/large/test_1.jpg;;3;ISO-8859-1;1;0;GiuseppeW11;0;0
1,67361E+12;793;HTTP Request1_large;200;OK;Thread Group 3-18;bin;true;;10486053;133;25;25;http://192.168.56.4/large/test_1.jpg;;14;ISO-8859-1;1;0;GiuseppeW11;0;0
1,67361E+12;154;HTTP Request2_large;200;OK;Thread Group 3-1;bin;true;;10486053;133;25;25;http://192.168.56.4/large/test_2.jpg;;3;ISO-8859-1;1;0;GiuseppeW11;0;0
1,67361E+12;119;HTTP Request4_large;200;OK;Thread Group 3-5;bin;true;;10486053;133;25;25;http://192.168.56.4/large/test_4.jpg;;4;ISO-8859-1;1;0;GiuseppeW11;0;0
1,67361E+12;129;HTTP Request4_large;200;OK;Thread Group 3-2;bin;true;;10486053;133;25;25;http://192.168.56.4/large/test_4.jpg;;5;ISO-8859-1;1;0;GiuseppeW11;0;0
1,67361E+12;90;HTTP Request2_large;200;OK;Thread Group 3-3;bin;true;;10486053;133;25;25;http://192.168.56.4/large/test_2.jpg;;4;ISO-8859-1;1;0;GiuseppeW11;0;0
1,67361E+12;78;HTTP Request2_large;200;OK;Thread Group 3-4;bin;true;;10486053;133;25;25;http://192.168.56.4/large/test_2.jpg;;3;ISO-8859-1;1;0;GiuseppeW11;0;0
1,67361E+12;62;HTTP Request3_large;200;OK;Thread Group 3-6;bin;true;;10486053;133;25;25;http://192.168.56.4/large/test_3.jpg;;2;ISO-8859-1;1;0;GiuseppeW11;0;0
1,67361E+12;72;HTTP Request3_large;200;OK;Thread Group 3-7;bin;true;;10486053;133;25;25;http://192.168.56.4/large/test_3.jpg;;2;ISO-8859-1;1;0;GiuseppeW11;0;0
1,67361E+12;64;HTTP Request3_large;200;OK;Thread Group 3-8;bin;true;;10486053;133;25;25;http://192.168.56.4/large/test_3.jpg;;2;ISO-8859-1;1;0;GiuseppeW11;0;0
1,67361E+12;63;HTTP Request2_large;200;OK;Thread Group 3-9;bin;true;;10486053;133;25;25;http://192.168.56.4/large/test_2.jpg;;2;ISO-8859-1;1;0;GiuseppeW11;0;0
1,67361E+12;51;HTTP Request1_large;200;OK;Thread Group 3-10;bin;true;;10486053;133;25;25;http://192.168.56.4/large/test_1.jpg;;0;ISO-8859-1;1;0;GiuseppeW11;0;0
1,67361E+12;77;HTTP Request3_large;200;OK;Thread Group 3-11;bin;true;;10486053;133;25;25;http://192.168.56.4/large/test_3.jpg;;1;ISO-8859-1;1;0;GiuseppeW11;0;0
1,67361E+12;75;HTTP Request1_large;200;OK;Thread Group 3-12;bin;true;;10486053;133;25;25;http://192.168.56.4/large/test_1.jpg;;1;ISO-8859-1;1;0;GiuseppeW11;0;0
1,67361E+12;91;HTTP Request4_large;200;OK;Thread Group 3-13;bin;true;;10486053;133;25;25;http://192.168.56.4/large/test_4.jpg;;1;ISO-8859-1;1;0;GiuseppeW11;0;0
1,67361E+12;64;HTTP Request1_large;200;OK;Thread Group 3-14;bin;true;;10486053;133;25;25;http://192.168.56.4/large/test_1.jpg;;1;ISO-8859-1;1;0;GiuseppeW11;0;0
1,67361E+12;82;HTTP Request1_large;200;OK;Thread Group 3-15;bin;true;;10486053;133;25;25;http://192.168.56.4/large/test_1.jpg;;1;ISO-8859-1;1;0;GiuseppeW11;0;0
1,67361E+12;92;HTTP Request1_large;200;OK;Thread Group 3-16;bin;true;;10486053;133;25;25;http://192.168.56.4/large/test_1.jpg;;1;ISO-8859-1;1;0;GiuseppeW11;0;0
1,67361E+12;67;HTTP Request2_large;200;OK;Thread Group 3-17;bin;true;;10486053;133;25;25;http://192.168.56.4/large/test_2.jpg;;2;ISO-8859-1;1;0;GiuseppeW11;0;0
1,67361E+12;59;HTTP Request4_large;200;OK;Thread Group 3-19;bin;true;;10486053;133;25;25;http://192.168.56.4/large/test_4.jpg;;1;ISO-8859-1;1;0;GiuseppeW11;0;0
1,67361E+12;102;HTTP Request4_large;200;OK;Thread Group 3-18;bin;true;;10486053;133;25;25;http://192.168.56.4/large/test_4.jpg;;2;ISO-8859-1;1;0;GiuseppeW11;0;0
1,67361E+12;64;HTTP Request4_large;200;OK;Thread Group 3-20;bin;true;;10486053;133;25;25;http://192.168.56.4/large/test_4.jpg;;2;ISO-8859-1;1;0;GiuseppeW11;0;0
1,67361E+12;109;HTTP Request1_large;200;OK;Thread Group 3-21;bin;true;;10486053;133;25;25;http://192.168.56.4/large/test_1.jpg;;3;ISO-8859-1;1;0;GiuseppeW11;0;0
1,67361E+12;102;HTTP Request1_large;200;OK;Thread Group 3-22;bin;true;;10486053;133;25;25;http://192.168.56.4/large/test_1.jpg;;1;ISO-8859-1;1;0;GiuseppeW11;0;0
1,67361E+12;84;HTTP Request1_large;200;OK;Thread Group 3-23;bin;true;;10486053;133;25;25;http://192.168.56.4/large/test_1.jpg;;1;ISO-8859-1;1;0;GiuseppeW11;0;0
1,67361E+12;103;HTTP Request2_large;200;OK;Thread Group 3-25;bin;true;;10486053;133;25;25;http://192.168.56.4/large/test_2.jpg;;2;ISO-8859-1;1;0;GiuseppeW11;0;0
1,67361E+12;109;HTTP Request4_large;200;OK;Thread Group 3-24;bin;true;;10486053;133;25;25;http://192.168.56.4/large/test_4.jpg;;2;ISO-8859-1;1;0;GiuseppeW11;0;0
1,67361E+12;105;HTTP Request4_large;200;OK;Thread Group 3-1;bin;true;;10486053;133;25;25;http://192.168.56.4/large/test_4.jpg;;4;ISO-8859-1;1;0;GiuseppeW11;0;0
1,67361E+12;105;HTTP Request2_large;200;OK;Thread Group 3-5;bin;true;;10486053;133;25;25;http://192.168.56.4/large/test_2.jpg;;2;ISO-8859-1;1;0;GiuseppeW11;0;0
1,67361E+12;110;HTTP Request2_large;200;OK;Thread Group 3-2;bin;true;;10486053;133;25;25;http://192.168.56.4/large/test_2.jpg;;3;ISO-8859-1;1;0;GiuseppeW11;0;0
1,67361E+12;125;HTTP Request3_large;200;OK;Thread Group 3-3;bin;true;;10486053;133;25;25;http://192.168.56.4/large/test_3.jpg;;3;ISO-8859-1;1;0;GiuseppeW11;0;0
1,67361E+12;59;HTTP Request4_large;200;OK;Thread Group 3-4;bin;true;;10486053;133;25;25;http://192.168.56.4/large/test_4.jpg;;2;ISO-8859-1;1;0;GiuseppeW11;0;0
1,67361E+12;69;HTTP Request3_large;200;OK;Thread Group 3-6;bin;true;;10486053;133;25;25;http://192.168.56.4/large/test_3.jpg;;3;ISO-8859-1;1;0;GiuseppeW11;0;0
1,67361E+12;76;HTTP Request4_large;200;OK;Thread Group 3-7;bin;true;;10486053;133;25;25;http://192.168.56.4/large/test_4.jpg;;2;ISO-8859-1;1;0;GiuseppeW11;0;0
1,67361E+12;78;HTTP Request4_large;200;OK;Thread Group 3-8;bin;true;;10486053;133;25;25;http://192.168.56.4/large/test_4.jpg;;1;ISO-8859-1;1;0;GiuseppeW11;0;0
1,67361E+12;96;HTTP Request1_large;200;OK;Thread Group 3-9;bin;true;;10486053;133;25;25;http://192.168.56.4/large/test_1.jpg;;1;ISO-8859-1;1;0;GiuseppeW11;0;0
1,67361E+12;78;HTTP Request1_large;200;OK;Thread Group 3-10;bin;true;;10486053;133;25;25;http://192.168.56.4/large/test_1.jpg;;3;ISO-8859-1;1;0;GiuseppeW11;0;0
1,67361E+12;81;HTTP Request3_large;200;OK;Thread Group 3-11;bin;true;;10486053;133;25;25;http://192.168.56.4/large/test_3.jpg;;1;ISO-8859-1;1;0;GiuseppeW11;0;0
1,67361E+12;69;HTTP Request4_large;200;OK;Thread Group 3-12;bin;true;;10486053;133;25;25;http://192.168.56.4/large/test_4.jpg;;2;ISO-8859-1;1;0;GiuseppeW11;0;0
1,67361E+12;94;HTTP Request3_large;200;OK;Thread Group 3-13;bin;true;;10486053;133;25;25;http://192.168.56.4/large/test_3.jpg;;3;ISO-8859-1;1;0;GiuseppeW11;0;0
1,67361E+12;235;HTTP Request2_large;200;OK;Thread Group 3-14;bin;true;;10486053;133;25;25;http://192.168.56.4/large/test_2.jpg;;1;ISO-8859-1;1;0;GiuseppeW11;0;0
1,67361E+12;215;HTTP Request4_large;200;OK;Thread Group 3-15;bin;true;;10486053;133;25;25;http://192.168.56.4/large/test_4.jpg;;6;ISO-8859-1;1;0;GiuseppeW11;0;0
1,67361E+12;170;HTTP Request3_large;200;OK;Thread Group 3-17;bin;true;;10486053;133;25;25;http://192.168.56.4/large/test_3.jpg;;5;ISO-8859-1;1;0;GiuseppeW11;0;0
1,67361E+12;190;HTTP Request1_large;200;OK;Thread Group 3-16;bin;true;;10486053;133;25;25;http://192.168.56.4/large/test_1.jpg;;6;ISO-8859-1;1;0;GiuseppeW11;0;0
1,67361E+12;187;HTTP Request3_large;200;OK;Thread Group 3-18;bin;true;;10486053;133;25;25;http://192.168.56.4/large/test_3.jpg;;3;ISO-8859-1;1;0;GiuseppeW11;0;0
1,67361E+12;152;HTTP Request1_large;200;OK;Thread Group 3-19;bin;true;;10486053;133;25;25;http://192.168.56.4/large/test_1.jpg;;4;ISO-8859-1;1;0;GiuseppeW11;0;0
1,67361E+12;141;HTTP Request2_large;200;OK;Thread Group 3-20;bin;true;;10486053;133;25;25;http://192.168.56.4/large/test_2.jpg;;4;ISO-8859-1;1;0;GiuseppeW11;0;0
1,67361E+12;140;HTTP Request2_large;200;OK;Thread Group 3-21;bin;true;;10486053;133;25;25;http://192.168.56.4/large/test_2.jpg;;3;ISO-8859-1;1;0;GiuseppeW11;0;0
1,67361E+12;108;HTTP Request1_large;200;OK;Thread Group 3-22;bin;true;;10486053;133;25;25;http://192.168.56.4/large/test_1.jpg;;1;ISO-8859-1;1;0;GiuseppeW11;0;0
1,67361E+12;95;HTTP Request1_large;200;OK;Thread Group 3-24;bin;true;;10486053;133;25;25;http://192.168.56.4/large/test_1.jpg;;2;ISO-8859-1;1;0;GiuseppeW11;0;0
1,67361E+12;110;HTTP Request4_large;200;OK;Thread Group 3-23;bin;true;;10486053;133;25;25;http://192.168.56.4/large/test_4.jpg;;2;ISO-8859-1;1;0;GiuseppeW11;0;0
1,67361E+12;125;HTTP Request1_large;200;OK;Thread Group 3-25;bin;true;;10486053;133;25;25;http://192.168.56.4/large/test_1.jpg;;5;ISO-8859-1;1;0;GiuseppeW11;0;0
1,67361E+12;59;HTTP Request4_large;200;OK;Thread Group 3-1;bin;true;;10486053;133;25;25;http://192.168.56.4/large/test_4.jpg;;2;ISO-8859-1;1;0;GiuseppeW11;0;0
1,67361E+12;204;HTTP Request2_large;200;OK;Thread Group 3-2;bin;true;;10486053;133;25;25;http://192.168.56.4/large/test_2.jpg;;3;ISO-8859-1;1;0;GiuseppeW11;0;0
1,67361E+12;206;HTTP Request1_large;200;OK;Thread Group 3-5;bin;true;;10486053;133;25;25;http://192.168.56.4/large/test_1.jpg;;2;ISO-8859-1;1;0;GiuseppeW11;0;0
1,67361E+12;96;HTTP Request2_large;200;OK;Thread Group 3-3;bin;true;;10486053;133;25;25;http://192.168.56.4/large/test_2.jpg;;2;ISO-8859-1;1;0;GiuseppeW11;0;0
1,67361E+12;92;HTTP Request4_large;200;OK;Thread Group 3-4;bin;true;;10486053;133;25;25;http://192.168.56.4/large/test_4.jpg;;2;ISO-8859-1;1;0;GiuseppeW11;0;0
1,67361E+12;124;HTTP Request2_large;200;OK;Thread Group 3-6;bin;true;;10486053;133;25;25;http://192.168.56.4/large/test_2.jpg;;3;ISO-8859-1;1;0;GiuseppeW11;0;0
1,67361E+12;164;HTTP Request4_large;200;OK;Thread Group 3-7;bin;true;;10486053;133;24;24;http://192.168.56.4/large/test_4.jpg;;4;ISO-8859-1;1;0;GiuseppeW11;0;0
1,67361E+12;122;HTTP Request1_large;200;OK;Thread Group 3-9;bin;true;;10486053;133;23;23;http://192.168.56.4/large/test_1.jpg;;2;ISO-8859-1;1;0;GiuseppeW11;0;0
1,67361E+12;136;HTTP Request1_large;200;OK;Thread Group 3-8;bin;true;;10486053;133;22;22;http://192.168.56.4/large/test_1.jpg;;2;ISO-8859-1;1;0;GiuseppeW11;0;0
1,67361E+12;145;HTTP Request1_large;200;OK;Thread Group 3-10;bin;true;;10486053;133;22;22;http://192.168.56.4/large/test_1.jpg;;2;ISO-8859-1;1;0;GiuseppeW11;0;0
1,67361E+12;144;HTTP Request3_large;200;OK;Thread Group 3-11;bin;true;;10486053;133;22;22;http://192.168.56.4/large/test_3.jpg;;2;ISO-8859-1;1;0;GiuseppeW11;0;0
1,67361E+12;137;HTTP Request3_large;200;OK;Thread Group 3-12;bin;true;;10486053;133;21;21;http://192.168.56.4/large/test_3.jpg;;2;ISO-8859-1;1;0;GiuseppeW11;0;0
1,67361E+12;154;HTTP Request1_large;200;OK;Thread Group 3-13;bin;true;;10486053;133;21;21;http://192.168.56.4/large/test_1.jpg;;2;ISO-8859-1;1;0;GiuseppeW11;0;0
1,67361E+12;149;HTTP Request3_large;200;OK;Thread Group 3-14;bin;true;;10486053;133;20;20;http://192.168.56.4/large/test_3.jpg;;2;ISO-8859-1;1;0;GiuseppeW11;0;0
1,67361E+12;135;HTTP Request2_large;200;OK;Thread Group 3-15;bin;true;;10486053;133;20;20;http://192.168.56.4/large/test_2.jpg;;9;ISO-8859-1;1;0;GiuseppeW11;0;0
1,67361E+12;122;HTTP Request3_large;200;OK;Thread Group 3-16;bin;true;;10486053;133;20;20;http://192.168.56.4/large/test_3.jpg;;3;ISO-8859-1;1;0;GiuseppeW11;0;0
1,67361E+12;109;HTTP Request2_large;200;OK;Thread Group 3-17;bin;true;;10486053;133;20;20;http://192.168.56.4/large/test_2.jpg;;3;ISO-8859-1;1;0;GiuseppeW11;0;0
1,67361E+12;103;HTTP Request2_large;200;OK;Thread Group 3-18;bin;true;;10486053;133;19;19;http://192.168.56.4/large/test_2.jpg;;3;ISO-8859-1;1;0;GiuseppeW11;0;0
1,67361E+12;88;HTTP Request2_large;200;OK;Thread Group 3-19;bin;true;;10486053;133;19;19;http://192.168.56.4/large/test_2.jpg;;2;ISO-8859-1;1;0;GiuseppeW11;0;0
1,67361E+12;68;HTTP Request1_large;200;OK;Thread Group 3-20;bin;true;;10486053;133;19;19;http://192.168.56.4/large/test_1.jpg;;2;ISO-8859-1;1;0;GiuseppeW11;0;0
1,67361E+12;64;HTTP Request2_large;200;OK;Thread Group 3-21;bin;true;;10486053;133;18;18;http://192.168.56.4/large/test_2.jpg;;2;ISO-8859-1;1;0;GiuseppeW11;0;0
1,67361E+12;61;HTTP Request1_large;200;OK;Thread Group 3-22;bin;true;;10486053;133;18;18;http://192.168.56.4/large/test_1.jpg;;1;ISO-8859-1;1;0;GiuseppeW11;0;0
1,67361E+12;165;HTTP Request4_large;200;OK;Thread Group 3-23;bin;true;;10486053;133;18;18;http://192.168.56.4/large/test_4.jpg;;3;ISO-8859-1;1;0;GiuseppeW11;0;0
1,67361E+12;173;HTTP Request4_large;200;OK;Thread Group 3-24;bin;true;;10486053;133;17;17;http://192.168.56.4/large/test_4.jpg;;4;ISO-8859-1;1;0;GiuseppeW11;0;0
1,67361E+12;173;HTTP Request4_large;200;OK;Thread Group 3-25;bin;true;;10486053;133;17;17;http://192.168.56.4/large/test_4.jpg;;3;ISO-8859-1;1;0;GiuseppeW11;0;0
1,67361E+12;76;HTTP Request1_large;200;OK;Thread Group 3-1;bin;true;;10486053;133;17;17;http://192.168.56.4/large/test_1.jpg;;3;ISO-8859-1;1;0;GiuseppeW11;0;0
1,67361E+12;115;HTTP Request3_large;200;OK;Thread Group 3-2;bin;true;;10486053;133;16;16;http://192.168.56.4/large/test_3.jpg;;2;ISO-8859-1;1;0;GiuseppeW11;0;0
1,67361E+12;117;HTTP Request2_large;200;OK;Thread Group 3-5;bin;true;;10486053;133;15;15;http://192.168.56.4/large/test_2.jpg;;2;ISO-8859-1;1;0;GiuseppeW11;0;0
1,67361E+12;112;HTTP Request4_large;200;OK;Thread Group 3-3;bin;true;;10486053;133;14;14;http://192.168.56.4/large/test_4.jpg;;3;ISO-8859-1;1;0;GiuseppeW11;0;0
1,67361E+12;118;HTTP Request3_large;200;OK;Thread Group 3-4;bin;true;;10486053;133;13;13;http://192.168.56.4/large/test_3.jpg;;4;ISO-8859-1;1;0;GiuseppeW11;0;0
1,67361E+12;537;HTTP Request1_large;200;OK;Thread Group 3-8;bin;true;;10486053;133;12;12;http://192.168.56.4/large/test_1.jpg;;5;ISO-8859-1;1;0;GiuseppeW11;0;0
1,67361E+12;493;HTTP Request3_large;200;OK;Thread Group 3-19;bin;true;;10486053;133;11;11;http://192.168.56.4/large/test_3.jpg;;18;ISO-8859-1;1;0;GiuseppeW11;0;0
1,67361E+12;544;HTTP Request3_large;200;OK;Thread Group 3-18;bin;true;;10486053;133;10;10;http://192.168.56.4/large/test_3.jpg;;25;ISO-8859-1;1;0;GiuseppeW11;0;0
1,67361E+12;597;HTTP Request1_large;200;OK;Thread Group 3-14;bin;true;;10486053;133;9;9;http://192.168.56.4/large/test_1.jpg;;5;ISO-8859-1;1;0;GiuseppeW11;0;0
1,67361E+12;527;HTTP Request3_large;200;OK;Thread Group 3-10;bin;true;;10486053;133;8;8;http://192.168.56.4/large/test_3.jpg;;18;ISO-8859-1;1;0;GiuseppeW11;0;0
1,67361E+12;537;HTTP Request4_large;200;OK;Thread Group 3-25;bin;true;;10486053;133;7;7;http://192.168.56.4/large/test_4.jpg;;17;ISO-8859-1;1;0;GiuseppeW11;0;0
1,67361E+12;565;HTTP Request2_large;200;OK;Thread Group 3-16;bin;true;;10486053;133;6;6;http://192.168.56.4/large/test_2.jpg;;17;ISO-8859-1;1;0;GiuseppeW11;0;0
1,67361E+12;576;HTTP Request3_large;200;OK;Thread Group 3-24;bin;true;;10486053;133;5;5;http://192.168.56.4/large/test_3.jpg;;19;ISO-8859-1;1;0;GiuseppeW11;0;0
1,67361E+12;585;HTTP Request1_large;200;OK;Thread Group 3-22;bin;true;;10486053;133;4;4;http://192.168.56.4/large/test_1.jpg;;18;ISO-8859-1;1;0;GiuseppeW11;0;0
1,67361E+12;631;HTTP Request2_large;200;OK;Thread Group 3-21;bin;true;;10486053;133;3;3;http://192.168.56.4/large/test_2.jpg;;6;ISO-8859-1;1;0;GiuseppeW11;0;0
1,67361E+12;719;HTTP Request1_large;200;OK;Thread Group 3-15;bin;true;;10486053;133;2;2;http://192.168.56.4/large/test_1.jpg;;22;ISO-8859-1;1;0;GiuseppeW11;0;0
1,67361E+12;720;HTTP Request4_large;200;OK;Thread Group 3-12;bin;true;;10486053;133;2;2;http://192.168.56.4/large/test_4.jpg;;26;ISO-8859-1;1;0;GiuseppeW11;0;0
;;;;;;;;;;;;;;;;;;;;;
;;;;;;;;;;;;;;;;;;;;;
;;;;;;;;;;;;;;;;;;;;;
;275,7021277;;;;;;;;;;;;;;;;;;;;
